sim_id,capacity_norm,seal_risk_norm,heterogeneity_norm,suitability_score,poro_mean,logk_mean,caprock_margin_peak,rank
725,0.9848109561221922,0.3603413733712252,0.6174479728002663,100.0,0.30756211280822754,1.864676326977741,0.5611250804913622,1
468,0.9932177448563517,0.5508174977451271,0.3525099437559501,98.53,0.30803388357162476,1.877086551130029,0.6297297770118803,2
874,0.9757509551237864,0.4868516350822496,0.42965886849952056,98.02,0.30705368518829346,1.8629386754809039,0.6066908863893182,3
848,0.8982704213803278,0.3347550283060742,0.5051396798660772,96.51,0.30270564556121826,1.7985484432348442,0.5519095242423374,4
150,1.0,0.5721394519660861,0.44512506705077165,95.54,0.308414489030838,1.8787569460694309,0.6374094072194009,5
322,0.7531871978893278,0.0,0.6715581339611432,95.5,0.294563889503479,1.6779900528514742,0.4313392049902816,6
93,0.817238112333391,0.3077472196261925,0.4322810354900192,92.52,0.29815828800201416,1.7339142166241674,0.5421819926461445,7
999,0.9631306817517985,0.5991472606459678,0.3904358628548738,92.35,0.30634546279907227,1.852045157115509,0.6471369388155938,8
167,0.9889899214127229,0.6076760423343512,0.46460451403775604,92.23,0.3077966272830963,1.8721326135786542,0.650208790898602,9
991,0.690313658721552,0.09737025760904684,0.42671272596190807,91.66,0.29103556275367737,1.6333636833947158,0.4664095162712927,10
194,0.8182837830230664,0.17697256707097636,0.7334017174041731,90.87,0.29821696877479553,1.728993386958924,0.4950802607066844,11
587,0.7401415399452577,0.22317013454972132,0.4129204549051664,90.28,0.29383179545402527,1.6745022731339412,0.5117194594896459,12
201,0.8579050898512057,0.44136479941087,0.48853337594148327,87.99,0.3004404306411743,1.7674247614520917,0.5903076752799408,13
871,0.8778429337833948,0.4015638181984128,0.6281337824128975,87.95,0.30155929923057556,1.778963684681071,0.5759723655592355,14
643,0.7462652721558448,0.37882040036272313,0.29032246602994183,86.43,0.2941754460334778,1.6773070821685012,0.5677807600045468,15
185,0.8663214377892323,0.44278626302560065,0.5784287842744918,86.21,0.3009127378463745,1.7716868535417152,0.5908196506271088,16
622,0.9564806622616439,0.7455580129632208,0.42682157916168606,83.44,0.30597227811813354,1.8470460900252055,0.6998703995739024,17
301,0.8111488994701015,0.5124379801474006,0.37438006972203564,83.34,0.29781657457351685,1.73162723680608,0.615906442638343,18
396,0.753836161618522,0.42572869964883314,0.3453704228090844,83.27,0.29460030794143677,1.6831740369908668,0.5846759464610922,19
377,0.8906230582867145,0.6943853228329188,0.3135521264704065,83.13,0.30227649211883545,1.795929335170729,0.6814392870758528,20
501,0.8333889183335971,0.539445788827282,0.416172915299721,82.86,0.29906463623046875,1.749970219855989,0.6256339742345358,21
503,0.8223443203990224,0.6105189695638127,0.25505273727575,82.73,0.29844483733177185,1.7426229583779707,0.6512327415929381,22
856,0.9295051200158045,0.806680948396637,0.25249710962992283,82.73,0.30445846915245056,1.828349337415636,0.7218853395021283,23
462,0.7042924011764193,0.3077472196261925,0.43193638752514335,82.28,0.2918200194835663,1.6432955557400384,0.5421819926461445,24
341,0.7434155672697108,0.4058282090426048,0.4042394391400791,81.7,0.2940155267715454,1.6723135351236107,0.5775082916007397,25
777,0.763936522637788,0.42430723603410275,0.4420752394178217,81.6,0.29516711831092834,1.6910096522847975,0.5841639711139243,26
728,0.7838786151050291,0.47547992616440476,0.4202212637781126,81.45,0.2962862253189087,1.7105512102643403,0.6025950836119739,27
277,0.8582768366682564,0.6119404331785433,0.4308801561801162,81.09,0.3004612922668457,1.7674859863371202,0.6517447169401062,28
450,0.6431273041664322,0.27221062925792733,0.35883839531218475,80.52,0.28838756680488586,1.589912679396013,0.5293826089669434,29
888,0.7356651772010864,0.3745560095185314,0.47898874839062,80.5,0.2935805916786194,1.6714170720112635,0.5662448339630427,30
977,0.8202359848794637,0.48969456231171066,0.5597530851968477,80.21,0.2983265221118927,1.7359177548068125,0.6077148370836543,31
574,0.9787100597875095,0.7242360587422615,0.657073013902847,80.2,0.3072197437286377,1.8585167385053771,0.6921907693663817,32
784,0.9299974190149559,0.7014926409065719,0.582255765612682,78.97,0.30448609590530396,1.822228577201421,0.683999163811693,33
315,0.8294526506079123,0.5764038428102779,0.4780834687627924,78.96,0.29884374141693115,1.7433694959236787,0.638945333260905,34
50,0.6608399778651324,0.44420772664033104,0.1637513891972405,78.9,0.28938156366348267,1.6103027121604963,0.5913316259742768,35
159,0.6720449579979203,0.2515994068443334,0.6043756832933918,77.43,0.29001036286354065,1.6119885775671465,0.5219589664330068,36
832,0.8010315443106274,0.4783228533938658,0.6233451029734043,77.29,0.29724881052970886,1.7171833781207202,0.6036190343063099,37
116,0.635555352569992,0.2935325834788863,0.41640332662269325,77.19,0.2879626452922821,1.5828326946243865,0.537062239174464,38
619,0.7657819800510036,0.4541579719434455,0.558474840698564,77.08,0.2952706813812256,1.69224484469383,0.5949154534044532,39
132,0.6730720413467431,0.346126737223919,0.45373685175012474,76.94,0.29006800055503845,1.6154823305219983,0.5560053270196817,40
105,0.6322892912487613,0.2523101386516987,0.4931171615736792,76.84,0.2877793610095978,1.581514455736949,0.5222149541065908,41
484,0.7062695631762473,0.49680188038536377,0.294412482350385,76.81,0.2919309735298157,1.6451918164560344,0.6102747138194945,42
554,0.8867223720420903,0.7896233850198697,0.366113686669456,76.58,0.3020575940608978,1.7928668509674823,0.7157416353361118,43
33,0.7923093018488563,0.4541579719434455,0.6750567253296766,76.28,0.29675933718681335,1.7096156124207533,0.5949154534044532,44
932,0.8130171927592217,0.5891970153428534,0.5177920608871611,75.74,0.29792141914367676,1.7289315986345093,0.6435531113854174,45
799,0.7861547677591421,0.5820896972692006,0.45010496635456343,75.52,0.29641395807266235,1.711172022781542,0.6409932346495772,46
141,0.7453337808456921,0.4541579719434455,0.5554233980329764,75.31,0.29412317276000977,1.673957804119003,0.5949154534044532,47
292,0.7176959981986212,0.5024877348442862,0.3843938104197168,75.09,0.2925722002983093,1.6519491220342364,0.6123226152081667,48
26,0.7759094254812262,0.492537489541172,0.606668060619281,74.76,0.29583901166915894,1.6957165058433785,0.6087387877779904,49
407,0.6844692676906344,0.30490429239673145,0.6470683173879367,74.72,0.2907075881958008,1.6202779617924636,0.5411580419518085,50
165,0.876170073106667,0.7356077676601064,0.4984070394750584,74.69,0.3014654219150543,1.780009278302746,0.696286572143726,51
761,0.7991738723591372,0.5934614061870453,0.5236371870093666,74.11,0.2971445620059967,1.715256082634062,0.6450890374269216,52
386,0.82474952230534,0.6560058052351923,0.5065969776494557,73.78,0.2985798120498657,1.739503015733764,0.6676159527023156,53
184,0.5839457419588509,0.21890574370552926,0.5107759284338124,73.64,0.2850664258003235,1.5398585147565929,0.5101835334481417,54
175,0.6927889614562279,0.4058282090426048,0.5393680355755083,73.4,0.2911744713783264,1.627833936302781,0.5775082916007397,55
261,0.6840252957776997,0.3006399015525394,0.7244346255245356,72.77,0.29068267345428467,1.618072653687888,0.5396221159103043,56
885,0.7347703295057573,0.5778253064250085,0.40368666730263064,72.35,0.2935303747653961,1.667366046557347,0.639457308608073,57
957,0.515552824691636,0.16133646730893964,0.43783857813387933,72.32,0.28122836351394653,1.4806801856621905,0.48944853188783594,58
138,0.6565027546439144,0.24378135696331493,0.7568679262916331,72.22,0.28913816809654236,1.5936105157136489,0.5191431020235825,59
221,0.4899362825955575,0.2395169661191232,0.21764007554907341,72.14,0.27979081869125366,1.4600267502902513,0.5176071759820784,60
456,0.7577373789300277,0.5820896972692006,0.4825627079489107,72.05,0.2948192358016968,1.6836910630449657,0.6409932346495772,61
591,0.7517113630256367,0.5920399425723147,0.45169889589908757,71.85,0.2944810688495636,1.6806672100105118,0.6445770620797535,62
876,0.8286321522759933,0.6545843416204615,0.5965065982696756,71.73,0.29879769682884216,1.7432510883786017,0.6671039773551475,63
68,0.7593327038420564,0.5337599343683596,0.5891388193766879,71.68,0.2949087619781494,1.6855686807072672,0.6235860728458636,64
312,0.647361500412639,0.3873491820511069,0.48757576925619567,71.62,0.28862518072128296,1.5926710586717485,0.5708526120875551,65
982,0.4879612448632556,0.05188342193766722,0.5729096794074079,71.57,0.2796799838542938,1.4529039646214437,0.4500263051619152,66
834,0.6819530728060831,0.4939589531559027,0.413459337461931,71.47,0.2905663847923279,1.6214475145235068,0.6092507631251585,67
968,0.7289493054176257,0.6531628780057309,0.28348549453053046,71.36,0.2932037115097046,1.665456949182663,0.6665920020079794,68
585,0.7324830244471329,0.42999309049302514,0.7009035999938844,71.36,0.2934020161628723,1.6584941709451964,0.5862118725025964,69
287,0.6889589071068433,0.35607698252703346,0.6934822020173265,71.3,0.29095953702926636,1.620927596827641,0.5595891544498581,70
401,0.7690576005761014,0.5806682336544698,0.5506521609459698,71.28,0.2954545021057129,1.6943135192278773,0.6404812593024092,71
279,0.6897220502155601,0.37597747313326174,0.6608611267888909,71.27,0.2910023629665375,1.6258979713895303,0.5667568093102107,72
873,0.475814152082685,0.12295660267419785,0.4155889194979445,71.24,0.27899831533432007,1.4484262157649734,0.4756250725203175,73
23,0.6544868247617368,0.5095950529179393,0.30691391165426934,71.13,0.28902503848075867,1.6021837763573794,0.6148824919440069,74
64,0.8471562961696271,0.6943853228329188,0.6077792030739885,71.12,0.29983723163604736,1.7545591028078367,0.6814392870758528,75
850,0.5513807207852143,0.14925402658372947,0.6232124549594314,71.08,0.28323894739151,1.5086756480315935,0.48509674143690756,76
206,0.6092776322064448,0.31769746492930695,0.5152426780341995,70.89,0.28648799657821655,1.5587292762644338,0.5457658200763209,77
202,0.6818436730284939,0.3006399015525394,0.788091136937756,70.83,0.290560245513916,1.6145381699535033,0.5396221159103043,78
496,0.7452721770874381,0.5735609155808168,0.5054006691403224,70.72,0.2941197156906128,1.6759237856719198,0.6379213825665689,79
535,0.6578930877396838,0.44136479941087,0.46391198804272904,70.53,0.28921619057655334,1.6012346435411304,0.5903076752799408,80
472,0.7782615206993938,0.6815921503003433,0.4260065260238822,70.5,0.29597100615501404,1.7031941217982571,0.6768315089513404,81
152,0.5663270670981763,0.27221062925792733,0.4708707330030197,70.48,0.2840777039527893,1.5243730177995967,0.5293826089669434,82
418,0.7404474344690022,0.5223882254505148,0.595435939299752,70.36,0.2938489615917206,1.6697599378311596,0.6194902700685193,83
455,0.7143619603165583,0.49680188038536377,0.5600896579985353,70.24,0.2923851013183594,1.6467096245627824,0.6102747138194945,84
445,0.7782763905720759,0.6105189695638127,0.5647603323866371,70.24,0.2959718406200409,1.7005022670650276,0.6512327415929381,85
680,0.706070944162566,0.4001423545836824,0.713727820487615,70.1,0.2919198274612427,1.6360762816737313,0.5754603902120675,86
753,0.6964373909321392,0.6403697054731554,0.2503873386609312,69.96,0.2913792133331299,1.6416167133915953,0.661984223883467,87
174,0.6540455081832096,0.4541579719434455,0.45583165675000736,69.77,0.2890002727508545,1.5996116181064453,0.5949154534044532,88
524,0.7202323736246695,0.685856541144535,0.2565711909616744,69.68,0.29271453619003296,1.659103921847322,0.6783674349928445,89
409,0.755015130095454,0.711442886209686,0.32538439391808854,69.66,0.29466646909713745,1.684909997006075,0.6875829912418693,90
251,0.7122398170580807,0.5451316432862044,0.4891905865561669,69.59,0.29226601123809814,1.6459490992812675,0.627681875623208,91
822,0.7604028036082808,0.5479745705156658,0.6429404016349298,69.59,0.2949688136577606,1.6830593084603058,0.6287058263175441,92
97,0.5869908794573772,0.37171308228907,0.3923698106040459,69.54,0.28523731231689453,1.541555702840645,0.5652208832687066,93
91,0.6786110689207977,0.5010662712295555,0.4709482545696272,69.24,0.2903788387775421,1.618780685105079,0.6118106398609986,94
831,0.7134633951530588,0.5437101796714741,0.5100283836602626,69.2,0.2923346757888794,1.645521788120788,0.62716990027604,95
884,0.6331002303768132,0.3262262466176904,0.6408422589009294,69.17,0.2878248691558838,1.578063096451864,0.5488376721593291,96
176,0.5538130071024885,0.2530208704590641,0.513144535300199,69.14,0.28337544202804565,1.5115481847965775,0.5224709417801748,97
198,0.6027327639588275,0.3120116104703845,0.5732885660642021,68.98,0.2861207127571106,1.5528482453963566,0.5437179186876487,98
804,0.6337598154436374,0.492537489541172,0.352473228680654,68.85,0.2878618836402893,1.5850355773360765,0.6087387877779904,99
89,0.5780508995741905,0.23240964804547012,0.6457970713644162,68.73,0.28473562002182007,1.5309014984470823,0.5150472992462382,100
572,0.6377906130742294,0.4470506538697924,0.46000759280677384,68.53,0.2880880832672119,1.5850969468067928,0.5923555766686129,101
789,0.6757379970918778,0.5337599343683596,0.4284001120617313,68.51,0.2902176082134247,1.6171277820438847,0.6235860728458636,102
195,0.4895963997913969,0.18123695791516825,0.45716168996153855,68.44,0.27977174520492554,1.4562445685811192,0.4966161867481886,103
199,0.6943598572917076,0.5422887160567433,0.4866675825696203,68.18,0.2912626266479492,1.6291872875801359,0.626657924928872,104
53,0.6241443184871817,0.41719991796044964,0.48226651096316453,68.17,0.2873222827911377,1.5728915637514977,0.581604094378084,105
898,0.7768903060113584,0.6218906784816575,0.61469466515959,68.17,0.295894056558609,1.6987721123372803,0.6553285443702824,106
760,0.6904501429100978,0.5920399425723147,0.38423995164376945,68.15,0.291043221950531,1.6287334326120795,0.6445770620797535,107
749,0.6102064681821899,0.4015638181984128,0.4691692422848276,68.05,0.28654012084007263,1.560404233383479,0.5759723655592355,108
674,0.7189015200196283,0.6233121420963882,0.4269085755864345,68.0,0.2926398515701294,1.6546526516560789,0.6558405197174505,109
870,0.6142415143478339,0.3347550283060742,0.6065991525600744,67.98,0.28676655888557434,1.5613968419935815,0.5519095242423374,110
835,0.8038196454385073,0.7825160669462167,0.4286113583307367,67.71,0.29740527272224426,1.7232215129878061,0.7131817586002716,111
311,0.6419817929030346,0.4314145541077558,0.532454942204442,67.7,0.2883232831954956,1.588856878055451,0.5867238478497645,112
330,0.6641724225465506,0.6190477512521965,0.2675327404799748,67.63,0.28956857323646545,1.6089357447899806,0.6543045936759464,113
120,0.6226934437669212,0.5380243252125516,0.2827633596038131,67.49,0.2872408628463745,1.5749771148723553,0.6251219988873679,114
78,0.5325597105048215,0.22956672081600907,0.5466280379571431,67.47,0.2821827530860901,1.4921398654171294,0.5140233485519021,115
886,0.6929227903103661,0.565032133892433,0.467013281382399,67.45,0.2911819815635681,1.6293752787212534,0.6348495304835606,116
388,0.6438607075297849,0.4740584625496741,0.4717963620420817,67.41,0.28842872381210327,1.5904306548948872,0.6020831082648058,117
71,0.7774633271764979,0.7924663122493308,0.33475492095061254,67.4,0.29592621326446533,1.7021402870797941,0.7167655860304478,118
471,0.7062430098321723,0.5252311526799761,0.5850397588734738,67.4,0.2919294834136963,1.6415538962487055,0.6205142207628555,119
556,0.5091577173046019,0.1705759808046886,0.5898698908173335,67.1,0.2808694839477539,1.4691524652847208,0.4927763716444282,120
324,0.5601342961929939,0.29211111986415594,0.5430902551299358,66.94,0.2837301790714264,1.519076903321623,0.5365502638272961,121
534,0.623506507162499,0.43852187218140865,0.486183611122536,66.94,0.2872864902019501,1.5729831470310607,0.5892837245856046,122
431,0.750140467190157,0.5863540881133923,0.6366077509938373,66.92,0.2943929135799408,1.6751935354846217,0.6425291606910813,123
29,0.6062000996281469,0.4399433357961393,0.43098513330156385,66.82,0.28631529211997986,1.5599571068702673,0.5897956999327727,124
419,0.5710525002097714,0.3845062548216455,0.4205914292586634,66.69,0.284342885017395,1.5262250172856562,0.569828661393219,125
296,0.8423400506212951,0.8152097300850205,0.5333654976055526,66.69,0.29956695437431335,1.7544223096634253,0.7249571915851365,126
207,0.6320078258015658,0.518123834606323,0.37905741957837313,66.68,0.2877635657787323,1.579584847862595,0.6179543440270152,127
900,0.6819838746852102,0.45984382640236793,0.6605999221769606,66.39,0.29056811332702637,1.615287190720005,0.5969633547931253,128
231,0.6595176213301951,0.42430723603410275,0.6622454250970473,66.09,0.2893073558807373,1.5958379346051885,0.5841639711139243,129
9,0.6557045611210185,0.5280740799094372,0.46457275172921547,65.99,0.28909337520599365,1.6014298545860435,0.6215381714571915,130
630,0.5108645662617459,0.24591355238541096,0.505442767657744,65.81,0.28096526861190796,1.4775595370181442,0.5199110650443346,131
704,0.668126215479325,0.48969456231171066,0.5843180546221265,65.74,0.28979045152664185,1.6067501323344167,0.6077148370836543,132
69,0.7037363741514879,0.42572869964883314,0.8182648993759298,65.74,0.29178881645202637,1.6290571367548323,0.5846759464610922,133
964,0.6889015518836411,0.587775551728123,0.47808723717228024,65.65,0.2909563183784485,1.6281332511026643,0.6430411360382494,134
736,0.5496218272736831,0.3162760013145763,0.5117866158584576,65.64,0.28314024209976196,1.5069153844526118,0.5452538447291528,135
507,0.4666112940931555,0.15636134465738255,0.5300840742923627,65.6,0.2784818708896637,1.4371066162542574,0.4876566181727478,136
528,0.6407518420054785,0.5110165165326699,0.46620813377810616,65.44,0.2882542610168457,1.5872826299521758,0.615394467291175,137
305,0.7337135064115705,0.5764038428102779,0.6556237912826568,65.4,0.2934710681438446,1.6630357779377127,0.638945333260905,138
123,0.5896796710784162,0.36460576421541696,0.5711415416757019,65.23,0.28538820147514343,1.5426053675436102,0.5626610065328663,139
244,0.6698649284493591,0.638948241858425,0.3377532828768426,65.22,0.28988802433013916,1.6129123032981616,0.661472248536299,140
732,0.5430679308890803,0.2032696439434927,0.7116406599755506,65.2,0.2827724516391754,1.4988365329096296,0.5045518046292933,141
954,0.67213683256842,0.5408672524420127,0.524696217744299,65.19,0.2900155186653137,1.613981124574912,0.6261459495817039,142
182,0.5938666023721696,0.4129355271162576,0.5106722433384748,64.86,0.285623162984848,1.5472946655186486,0.5800681683365798,143
737,0.7902599147531442,0.806680948396637,0.44488227381091067,64.83,0.29664433002471924,1.71205717584649,0.7218853395021283,144
363,0.6628298854701163,0.6204692148669267,0.3680298690596139,64.67,0.28949323296546936,1.608462861887738,0.6548165690231144,145
293,0.5325214736893535,0.31485453769984556,0.4954500223843524,64.61,0.2821806073188782,1.494975996478531,0.5447418693819848,146
218,0.5984773250373605,0.39161357289529863,0.5880760202322676,64.22,0.285881906747818,1.546431592172305,0.5723885381290592,147
102,0.700688581318554,0.6631131233088453,0.4330936122444453,64.19,0.2916177809238434,1.636698278366612,0.6701758294381558,148
827,0.648551090227201,0.5721394519660861,0.432697606241692,64.02,0.2886919379234314,1.5937970599461235,0.6374094072194009,149
599,0.5899207754426177,0.3532340552975721,0.6428527591971264,63.85,0.28540173172950745,1.5431278705429041,0.558565203755522,150
774,0.7407586396615617,0.7711443580283716,0.38271073107359405,63.82,0.29386642575263977,1.673048631346496,0.7090859558229271,151
997,0.7800974189087425,0.806680948396637,0.4482062263168922,63.81,0.2960740327835083,1.7044184459818865,0.7218853395021283,152
705,0.7990894327249786,0.828002902617596,0.4746803796575657,63.74,0.29713982343673706,1.7171690980941485,0.7295649697096489,153
555,0.736911591171969,0.641791169087886,0.6137332900648145,63.58,0.2936505377292633,1.6640471363309883,0.6624961992306351,154
129,0.6138841063365839,0.4470506538697924,0.5622389434327282,63.56,0.2867465019226074,1.5591351096235901,0.5923555766686129,155
380,0.6395388852481304,0.5223882254505148,0.5147035801397498,63.43,0.2881861925125122,1.585762314145231,0.6194902700685193,156
967,0.6877863114324891,0.5053306620737475,0.706523052222188,63.39,0.2908937335014343,1.6201812767491504,0.6133465659025028,157
428,0.5097344559379119,0.2750535564873884,0.5381904614449718,63.36,0.28090184926986694,1.4711803986296013,0.5304065596612795,158
602,0.504648959480659,0.299218437937809,0.4787853619471178,63.32,0.2806164622306824,1.470872475492778,0.5391101405631363,159
270,0.5838129752384755,0.4100925998867965,0.5389623393769291,63.32,0.28505897521972656,1.5369692782385724,0.5790442176422438,160
708,0.4629092268622126,0.25799599311062116,0.4163028715926311,63.31,0.2782741189002991,1.4347871616855485,0.524262855495263,161
187,0.7628558015339336,0.7071784953654943,0.5902610517221739,63.31,0.2951064705848694,1.6871042838337997,0.6860470652003652,162
74,0.7503884754238179,0.6460555599320779,0.6621729639660378,63.26,0.29440683126449585,1.674532703629577,0.6640321252721392,163
67,0.7261781984299539,0.55792481581878,0.7424375020053322,63.26,0.2930482029914856,1.6516170755410045,0.6322896537477204,164
405,0.5439649028519353,0.34328380999445796,0.5323686994615912,63.22,0.28282278776168823,1.504940758346526,0.5549813763253457,165
902,0.5738968944270904,0.45700089917290654,0.432371907993098,63.0,0.2845025062561035,1.5326450824104498,0.5959394040987892,166
588,0.7102536269212673,0.7142858134391474,0.41513649502171573,63.0,0.29215455055236816,1.6455482691604333,0.6886069419362054,167
364,0.419140287689551,0.27931794733158044,0.2466127920490436,62.94,0.2758179008960724,1.4023259813844784,0.5319424857027837,168
469,0.6340513711615814,0.6289979965553105,0.32047394101771604,62.94,0.28787824511528015,1.583276447969088,0.6578884211061227,169
265,0.4634976489669156,0.23738477069702718,0.46944261347596156,62.93,0.27830713987350464,1.4336393636465168,0.5168392129613263,170
282,0.6778643888854075,0.6446340963173475,0.44017208495760757,62.85,0.290336936712265,1.6181964411466576,0.6635201499249712,171
590,0.5381762738435754,0.4072496726573352,0.415232104953865,62.72,0.28249794244766235,1.502720816704635,0.5780202669479076,172
994,0.6426450954380293,0.518123834606323,0.561931548887361,62.63,0.28836050629615784,1.5892195219848873,0.6179543440270152,173
209,0.5675644529320734,0.518123834606323,0.3141800511599272,62.62,0.28414714336395264,1.5299182494899308,0.6179543440270152,174
906,0.6967958610771523,0.6631131233088453,0.4830358048429015,62.47,0.2913993299007416,1.6346468134597723,0.6701758294381558,175
393,0.6454050500211895,0.492537489541172,0.6279454696073468,62.34,0.2885153889656067,1.5889611029832547,0.6087387877779904,176
222,0.4959601742324225,0.31911892854403734,0.4569878047808842,62.14,0.2801288664340973,1.4625745595401227,0.5462777954234889,177
614,0.7954293197776742,0.6986497136771105,0.758113331792951,62.09,0.29693442583084106,1.709785884510341,0.6829752131173569,178
473,0.5890657577634012,0.5024877348442862,0.43609681926858834,62.01,0.28535374999046326,1.5434914639250468,0.6123226152081667,179
631,0.7357554585709415,0.6801706866856126,0.5979298726988207,61.99,0.2935856580734253,1.6642160378260584,0.6763195336041723,180
10,0.7548409401583217,0.8379531479207104,0.3758268159588481,61.95,0.2946566939353943,1.6857713876599336,0.7331487971398253,181
72,0.6708612099190547,0.5692965247366251,0.5867548158658222,61.95,0.2899439334869385,1.6106168343575231,0.6363854565250648,182
41,0.3658020543791244,0.12153513905946718,0.39512118020555703,61.9,0.2728246748447418,1.3471044890164432,0.4751130971731494,183
867,0.6745977964972952,0.6730633686119595,0.41682581916070416,61.78,0.2901536226272583,1.6162645894479966,0.6737596568683321,184
889,0.5444752581250577,0.46268675363182926,0.37020596403559186,61.76,0.2828514277935028,1.5073307851069822,0.5979873054874615,185
593,0.5468193873400028,0.34470527360918835,0.5954792221744412,61.67,0.2829829752445221,1.5059980198882554,0.5554933516725137,186
550,0.7575329181806498,0.737029231274837,0.585175852290407,61.48,0.2948077619075775,1.6812527542338476,0.6967985474908941,187
748,0.5217004549118907,0.4015638181984128,0.4166432128038065,61.47,0.2815733551979065,1.4870490042979392,0.5759723655592355,188
740,0.68711079435922,0.606254578719621,0.5910840723543235,61.46,0.2908558249473572,1.6226827246400202,0.649696815551434,189
427,0.42422843948121136,0.17555110345624567,0.5083842804351285,61.39,0.2761034369468689,1.4001865331282335,0.49456828535951636,190
430,0.7123964817881234,0.6488984871615392,0.6004104551614182,61.37,0.2922748029232025,1.6421411141335227,0.6650560759664753,191
323,0.5983472136513929,0.6048331151048902,0.30439219969383285,61.36,0.285874605178833,1.5585421759312674,0.6491848402042659,192
841,0.6784336925823764,0.5024877348442862,0.7566712153163666,61.31,0.2903688848018646,1.6125842027659447,0.6123226152081667,193
796,0.47727564814057555,0.20966623020978045,0.6256348962470732,61.28,0.279080331325531,1.4467486039315505,0.5068556936915495,194
170,0.728552067390263,0.7782516761020246,0.423823217235456,61.23,0.2931814193725586,1.6625270205890832,0.7116458325587673,195
756,0.6021974485422745,0.518123834606323,0.4794983450222218,61.22,0.2860906720161438,1.5549456838775884,0.6179543440270152,196
722,0.6340428740914773,0.5849326244986617,0.46794364785053155,61.09,0.28787776827812195,1.5815268083744396,0.6420171853439133,197
156,0.6944926240120828,0.6915423956034574,0.4752747116682232,61.05,0.29127007722854614,1.6320043467936953,0.6804153363815166,198
672,0.680217546237338,0.5849326244986617,0.6219769549916244,61.05,0.2904689908027649,1.6177429274628339,0.6420171853439133,199
880,0.6955483849725067,0.6744848322266902,0.5102881885772402,61.04,0.2913293242454529,1.633453817262536,0.6742716322155001,200
633,0.6107794893473294,0.4527365083287148,0.6338212813496678,61.03,0.28657227754592896,1.5597085903102652,0.5944034780572851,201
826,0.4365013951126977,0.29779697432307833,0.34033948847394274,61.02,0.27679216861724854,1.4139771592456252,0.5385981652159683,202
3,0.5842739412916184,0.3873491820511069,0.6656523902806044,61.01,0.2850848436355591,1.533875358689388,0.5708526120875551,203
342,0.46901330959818416,0.3333335646913435,0.3878242474109412,60.89,0.27861666679382324,1.4389261397985662,0.5513975488951693,204
17,0.6430327742615249,0.7014926409065719,0.2932320011611008,60.89,0.28838226199150085,1.595343686941686,0.683999163811693,205
668,0.5367668223400719,0.35749844614176385,0.5682250080697797,60.87,0.2824188470840454,1.4950496747016744,0.5601011297970261,206
751,0.38925662320061266,0.1457003675469029,0.4688536649074296,60.79,0.2741408944129944,1.3698106552702762,0.48381680306898744,207
61,0.3704164945124859,0.01705756337676724,0.6438553714585834,60.7,0.2730836272239685,1.3467947482367815,0.4374829091562981,208
24,0.5445023425360143,0.4314145541077558,0.4708657802362642,60.56,0.2828529477119446,1.50553680946937,0.5867238478497645,209
951,0.5840466446663359,0.46979407170548204,0.532272874191757,60.54,0.28507208824157715,1.5360271873566258,0.6005471822233016,210
385,0.5170886701129367,0.31769746492930695,0.5885748499796183,60.51,0.28131455183029175,1.478947295379898,0.5457658200763209,211
649,0.5181837300225915,0.40298528181314347,0.4421768788051515,60.38,0.2813760042190552,1.4844528665515313,0.5764843409064035,212
34,0.4135285039527308,0.10092391664587338,0.6478997361898021,60.31,0.2755029797554016,1.3892103976838912,0.4676894546392128,213
758,0.6017561319637472,0.4129355271162576,0.7059546684025755,60.22,0.2860659062862396,1.5501311422318975,0.5800681683365798,214
684,0.5282920570450801,0.42999309049302514,0.43253696432866645,60.21,0.28194326162338257,1.4923425142346802,0.5862118725025964,215
529,0.6484491253859529,0.518123834606323,0.671478997361898,60.15,0.28868621587753296,1.5880900409207226,0.6179543440270152,216
567,0.5959616612196906,0.46410821724655965,0.5988854336761007,60.08,0.2857407331466675,1.5445600387953506,0.5984992808346294,217
226,0.5513201791607232,0.36460576421541696,0.6326395081342734,60.07,0.2832355499267578,1.5077592547538394,0.5626610065328663,218
752,0.5725825038953756,0.46268675363182926,0.5260587669462683,60.03,0.28442874550819397,1.528325855438462,0.5979873054874615,219
806,0.7019849155762978,0.8024165575524452,0.33600226449109566,60.02,0.29169052839279175,1.6391012927008841,0.7203494134606242,220
688,0.6089409358035732,0.3873491820511069,0.7841834039676829,60.0,0.28646910190582275,1.5524384311758639,0.5708526120875551,221
914,0.6937183284988545,0.5934614061870453,0.6910789257836515,59.95,0.2912266254425049,1.6254479848468488,0.6450890374269216,222
14,0.6094688162837851,0.48827309869698,0.6050613184824981,59.93,0.2864987254142761,1.5582382895419782,0.6072028617364862,223
423,0.6103806581193222,0.5948828698017761,0.4143374845414459,59.92,0.2865498960018158,1.5656951213225434,0.6456010127740897,224
514,0.7098234627472515,0.7157072770538777,0.5244470720427299,59.89,0.29213041067123413,1.6463169058063656,0.6891189172833734,225
290,0.7102631861251343,0.7341863040453757,0.49325960745232045,59.86,0.29215508699417114,1.6441335587368178,0.695774596796558,226
466,0.7005382893910893,0.7455580129632208,0.4425761148731801,59.8,0.29160934686660767,1.6464015083655383,0.6998703995739024,227
620,0.6981994708449593,0.6048331151048902,0.690634791808296,59.8,0.29147809743881226,1.6296180917145893,0.6491848402042659,228
983,0.6368612460316028,0.5863540881133923,0.5251192486265224,59.71,0.28803592920303345,1.5840241200077367,0.6425291606910813,229
558,0.42710257344389435,0.26368184756954355,0.42107141695857486,59.65,0.2762647271156311,1.406342145803642,0.5263107568839351,230
741,0.6206690168146396,0.5849326244986617,0.4767102603454146,59.64,0.2871272563934326,1.572502007493515,0.6420171853439133,231
235,0.5841974676606823,0.5294955435241678,0.4599204887131829,59.56,0.28508055210113525,1.5404422616180256,0.6220501468043595,232
87,0.540262304554111,0.40867113627206586,0.5346883170046356,59.56,0.2826150059700012,1.5010421527889275,0.5785322422950757,233
243,0.6803322566837422,0.7540867946516043,0.3694182587837857,59.55,0.29047542810440063,1.6218824614533403,0.7029422516569106,234
639,0.6583126305760695,0.7341863040453757,0.34542684128255985,59.21,0.2892397344112396,1.60380126228617,0.695774596796558,235
824,0.6477523656374237,0.5337599343683596,0.6752139218397418,59.2,0.2886471152305603,1.5870690766135944,0.6235860728458636,236
980,0.8545142278128223,0.9246624284192776,0.6491466490549151,59.16,0.3002501428127289,1.7607277192736792,0.764379293317076,237
738,0.6929992639413023,0.6787492230708819,0.5629031525221749,59.15,0.29118627309799194,1.6315617862745109,0.6758075582570042,238
939,0.4623675386430816,0.44136479941087,0.23488464037206908,59.09,0.2782437205314636,1.4374464914175742,0.5903076752799408,239
511,0.49898035158751824,0.5223882254505148,0.21785864329936955,58.84,0.2802983522415161,1.4690312923626463,0.6194902700685193,240
891,0.5726032155037541,0.613361896793274,0.2974073988736547,58.79,0.2844299077987671,1.5336274957659035,0.6522566922872742,241
875,0.6193981737672078,0.42430723603410275,0.7959432102843556,58.78,0.28705593943595886,1.5617997188335093,0.5841639711139243,242
701,0.6210811247146844,0.5678750611218943,0.5410797548337388,58.76,0.28715038299560547,1.570478308120952,0.6358734811778968,243
112,0.5421837045313813,0.45557943555817615,0.4858448849439982,58.73,0.2827228307723999,1.5073343197666689,0.5954274287516212,244
669,0.43692093794908343,0.2444920887706803,0.5231995131645617,58.69,0.2768157124519348,1.411646004879927,0.5193990896971665,245
523,0.5192394909830155,0.3944565001247597,0.5271902588122103,58.56,0.2814352512359619,1.4818095630730368,0.5734124888233952,246
516,0.7164495842277385,0.7285004495864533,0.5717093871511018,58.55,0.2925022542476654,1.6500429054154129,0.6937266954078858,247
803,0.6773896150933456,0.7796731397167553,0.3557690796187403,58.39,0.2903102934360504,1.620994453092835,0.7121578079059354,248
579,0.3392433996352633,0.09523806218695097,0.48630032414781726,58.3,0.2713342607021332,1.3256343876130194,0.46564155325054063,249
931,0.6841346955552888,0.8123668028555594,0.32242726915854,58.28,0.29068881273269653,1.6273316964279174,0.7239332408908005,250
724,0.6311262547782742,0.631840923784772,0.47612831025164576,58.26,0.2877140939235687,1.5818254116951511,0.6589123718004588,251
895,0.5055082256949276,0.43425748133721687,0.4214598861423524,58.24,0.28066468238830566,1.4709708168470996,0.5877477985441005,252
603,0.5502962822131894,0.42999309049302514,0.5776052252981296,58.22,0.28317809104919434,1.508502201975762,0.5862118725025964,253
103,0.6594124700876579,0.6886994683739964,0.4687168178085988,58.2,0.28930145502090454,1.6021419160500103,0.6793913856871806,254
632,0.5139585619133702,0.513859443762131,0.3076711466236451,58.15,0.28113889694213867,1.4806046183603212,0.616418417985511,255
85,0.508975561364247,0.5337599343683596,0.2582021585880222,58.07,0.2808592617511749,1.4770601541316979,0.6235860728458636,256
839,0.44525762585488493,0.320540392158768,0.436026296176744,58.05,0.27728354930877686,1.4188754630323732,0.5467897707706569,257
258,0.461995791826031,0.36460576421541696,0.41306419280991774,58.0,0.27822285890579224,1.4350507708216362,0.5626610065328663,258
608,0.5048135902139244,0.3546555189123028,0.577407652972123,57.86,0.28062570095062256,1.4703262747832095,0.5590771791026901,259
136,0.4982182706125644,0.3589199097564945,0.5534282943812584,57.71,0.28025558590888977,1.4642976449283416,0.5606131051441942,260
144,0.4998789167510178,0.3390194191502659,0.5950515615319898,57.71,0.2803487777709961,1.4638632747697429,0.5534454502838415,261
302,0.4859846139303092,0.46410821724655965,0.32427368213875113,57.64,0.2795690596103668,1.4553150749529786,0.5984992808346294,262
79,0.47146736965759994,0.44420772664033104,0.3161503909778678,57.54,0.2787543833255768,1.4440466752852652,0.5913316259742768,263
130,0.4306203604669565,0.346126737223919,0.3626837880224442,57.46,0.2764621376991272,1.4079963812952083,0.5560053270196817,264
515,0.5664263766050169,0.466951144476021,0.5947661314304947,57.37,0.2840832769870758,1.5186657033871815,0.5995232315289656,265
952,0.4181530343568408,0.3077472196261925,0.3995948206118648,57.23,0.27576249837875366,1.3957876396203994,0.5421819926461445,266
440,0.38636708829836613,0.24235989334858457,0.41494150674792935,57.19,0.27397873997688293,1.3688420387198916,0.5186311266764145,267
403,0.5957184325879633,0.539445788827282,0.5673706558044596,57.16,0.2857270836830139,1.5448900707718307,0.6256339742345358,268
493,0.5436977762105404,0.48969456231171066,0.48718137828608,57.13,0.2828077971935272,1.504583520182637,0.6077148370836543,269
598,0.5563695630700339,0.5493960341303965,0.42268214284253064,57.07,0.28351891040802,1.51475276266068,0.6292178016647122,270
374,0.525907566747141,0.5707179883513555,0.2835757210205542,57.06,0.2818094491958618,1.494717283400457,0.6368974318722328,271
149,0.6440152479923017,0.6645345869235757,0.5044928054602746,57.02,0.2884373962879181,1.589288840478002,0.6706878047853237,272
604,0.5426754724636511,0.6190477512521965,0.2549541126160105,56.96,0.2827504277229309,1.5108932962252872,0.6543045936759464,273
43,0.7885042076429021,0.8706468110595146,0.6106786173339515,56.92,0.2965458035469055,1.7068043699475468,0.7449242301246903,274
281,0.5397981520996792,0.492537489541172,0.4794202851114017,56.85,0.2825889587402344,1.4988710297539827,0.6087387877779904,275
291,0.6953603872964553,0.7896233850198697,0.45506010182457773,56.79,0.29131877422332764,1.6321375497775232,0.7157416353361118,276
531,0.4281004481142346,0.30206136516727006,0.46131157015841745,56.72,0.2763207256793976,1.4054469183736424,0.5401340912574724,277
817,0.5318204654057723,0.38877064566583724,0.6470378471055062,56.7,0.2821412682533264,1.485819247123311,0.5713645874347231,278
971,0.517229933903416,0.3333335646913435,0.6999159537015364,56.69,0.2813224792480469,1.47765815591888,0.5513975488951693,279
487,0.6047210783631669,0.6119404331785433,0.48359557515511314,56.66,0.2862322926521301,1.5556343785074203,0.6517447169401062,280
6,0.5064152879285312,0.492537489541172,0.3826388082867971,56.48,0.28071558475494385,1.4750809831026788,0.6087387877779904,281
809,0.5504184275959346,0.45557943555817615,0.5952878946413002,56.47,0.2831849455833435,1.5065051535604135,0.5954274287516212,282
765,0.6178713564828927,0.5010662712295555,0.7363113602041745,56.45,0.28697025775909424,1.5624383287203487,0.6118106398609986,283
616,0.6074874057489053,0.7242360587422615,0.29782224692384734,56.41,0.28638753294944763,1.5617597361749005,0.6921907693663817,284
698,0.5821772892434527,0.4911160259264413,0.6378557405473755,56.41,0.28496718406677246,1.5327120543352444,0.6082268124308223,285
699,0.6806105357296487,0.6531628780057309,0.675314376869804,56.22,0.2904910445213318,1.6151834838344135,0.6665920020079794,286
362,0.3320150483111542,0.29779697432307833,0.17075804679244827,56.2,0.27092862129211426,1.3224264457562276,0.5385981652159683,287
390,0.6435728692800113,0.7128643498244167,0.44650818100166045,56.16,0.28841257095336914,1.5913354028870286,0.6880949665890373,288
394,0.48218483039317006,0.40867113627206586,0.46867913371372016,56.1,0.27935582399368286,1.4502239688239822,0.5785322422950757,289
148,0.43173029024929344,0.29779697432307833,0.5039771793734922,56.09,0.2765244245529175,1.4038296765492948,0.5385981652159683,290
402,0.4720350801539244,0.46268675363182926,0.34009357283764896,56.02,0.27878624200820923,1.445139578079536,0.5979873054874615,291
356,0.5446611315335831,0.5067521256884782,0.5023074509638407,55.95,0.2828618586063385,1.5036389478819234,0.6138585412496709,292
679,0.3826034173091691,0.2878467290199639,0.3656026903429016,55.93,0.27376753091812134,1.3639616246192952,0.5350143377857919,293
354,0.6040360020860307,0.634683851014233,0.468145203923711,55.89,0.28619384765625,1.5579862855327833,0.6599363224947948,294
486,0.7871627327002308,0.9033404741983183,0.5860024259943595,55.85,0.2964705228805542,1.7083715107300022,0.7566996631095553,295
626,0.4639947275680005,0.3034828287820008,0.6099586357840844,55.82,0.2783350348472595,1.4320879732504337,0.5406460666046404,296
180,0.48356772855259844,0.4228857724193721,0.4580937791311512,55.81,0.2794334292411804,1.4521333818480264,0.5836519957667562,297
840,0.5061439127520841,0.49822334400009444,0.39753371595968795,55.76,0.28070035576820374,1.47473333094305,0.6107866891666626,298
437,0.6844368726108628,0.6958067864476492,0.6292498776343605,55.7,0.29070577025413513,1.620175563710117,0.6819512624230207,299
464,0.7142918594882002,0.8208955845439432,0.5008911750094587,55.69,0.2923811674118042,1.6519180818007495,0.7270050929738088,300
694,0.5456940566181023,0.5479745705156658,0.44144053159122276,55.66,0.28291982412338257,1.5080749557372493,0.6287058263175441,301
592,0.5060775293918965,0.5422887160567433,0.3306208680735826,55.39,0.2806966304779053,1.4766626842781196,0.626657924928872,302
224,0.5179447499259162,0.46979407170548204,0.5031808606142852,55.35,0.2813625931739807,1.481078004546272,0.6005471822233016,303
946,0.7001628251058681,0.6446340963173475,0.7893984520235174,55.28,0.29158827662467957,1.6284267789946467,0.6635201499249712,304
13,0.4359119108742317,0.2778964837168497,0.5872468624760948,55.18,0.2767590880393982,1.4074972834660553,0.5314305103556156,305
73,0.37265653461865683,0.23312037985283546,0.4602658903599563,55.16,0.2732093334197998,1.3531233874673658,0.5153032869198222,306
426,0.6156090115676988,0.631840923784772,0.5409657335295203,55.08,0.28684329986572266,1.566443210266237,0.6589123718004588,307
101,0.3511844384658115,0.22245940274235598,0.41344028007680667,55.03,0.2720043659210205,1.336818087328423,0.5114634718160619,308
5,0.6217672631255835,0.6474770235468085,0.5367590041837959,54.97,0.28718888759613037,1.568615976300421,0.6645441006193072,309
230,0.5980917704813908,0.532338470753629,0.6707976689264921,54.89,0.2858602702617645,1.5457724401581683,0.6230740974986956,310
697,0.6159308380978884,0.7071784953654943,0.4151845153254754,54.8,0.2868613600730896,1.5637726791058832,0.6860470652003652,311
973,0.6444108928190199,0.6304194601700412,0.6499882963968191,54.77,0.2884595990180969,1.5860422619783097,0.6584003964532907,312
878,0.4704763988567192,0.4129355271162576,0.47096354354526365,54.76,0.27869877219200134,1.4377212884057873,0.5800681683365798,313
56,0.5176016807204665,0.5636106702777026,0.3534742259094733,54.74,0.28134334087371826,1.484862161745602,0.6343375551363927,314
851,0.833889183335971,0.8905473016657431,0.8051460969290908,54.7,0.29909271001815796,1.7393425701997183,0.752091884985043,315
855,0.7031962791330014,0.8052594847819063,0.530532192014891,54.65,0.2917585074901581,1.640977675213652,0.7213733641549602,316
808,0.6986811485064806,0.8351102206912491,0.46190256443495714,54.64,0.2915051281452179,1.6348379961624708,0.7321248464454891,317
435,0.5462745127195828,0.45557943555817615,0.6516433818438893,54.55,0.2829523980617523,1.5013001510610307,0.5954274287516212,318
479,0.5819016655319538,0.6048331151048902,0.49947855979572203,54.51,0.28495171666145325,1.5380077732600976,0.6491848402042659,319
661,0.5813551977108893,0.5536604249745882,0.5922577704065296,54.46,0.2849210500717163,1.534817790093363,0.6307537277062163,320
539,0.5784449512002643,0.45700089917290654,0.7586149609302071,54.46,0.28475773334503174,1.529126884277445,0.5959394040987892,321
915,0.4655204827185526,0.3063257560114618,0.6619200498549809,54.39,0.27842065691947937,1.4313501579500123,0.5416700172989765,322
158,0.4661922823236513,0.30490429239673145,0.6681816390600166,54.35,0.2784583568572998,1.4325801724431455,0.5411580419518085,323
339,0.612254793144139,0.6716419049972289,0.4852917901000222,54.32,0.286655068397522,1.5637615133542602,0.673247681521164,324
227,0.5388868413310235,0.4868516350822496,0.5793999572339358,54.3,0.2825378179550171,1.4963848907064108,0.6066908863893182,325
232,0.4444907652779976,0.2878467290199639,0.6323304985562684,54.22,0.277240514755249,1.4135416642483554,0.5350143377857919,326
310,0.44262247198887733,0.3731345459038007,0.4766024838340616,54.07,0.2771356701850891,1.4187653797115647,0.5657328586158746,327
498,0.5685941916153037,0.5963043334165065,0.4869237267459526,54.07,0.2842049300670624,1.526158614853439,0.6461129881212576,328
655,0.525643626507035,0.38592771843637624,0.7308791440929966,53.98,0.28179463744163513,1.4814157510822263,0.570340636740387,329
757,0.7223162800676791,0.9203980375750859,0.40992984513559705,53.95,0.2928314805030823,1.656229720618971,0.7628433672755719,330
666,0.3367388882221049,0.30206136516727006,0.26111901520047187,53.93,0.2711937129497528,1.32603756319157,0.5401340912574724,331
586,0.607664251020445,0.7313433768159147,0.37619816579666654,53.92,0.28639745712280273,1.5606131162097854,0.6947506461022219,332
597,0.4929527424824828,0.45131504471398415,0.5076146635488641,53.88,0.27996009588241577,1.4592846607920027,0.593891502710117,333
319,0.507798717154841,0.41151406350152725,0.6292546150634309,53.87,0.2807932198047638,1.4714946331844287,0.5795561929894119,334
640,0.5091322260942899,0.47263699893494343,0.5239474886134816,53.84,0.2808680534362793,1.4725103168014508,0.6015711329176378,335
727,0.36946588479459924,0.31911892854403734,0.34225911626706096,53.82,0.27303028106689453,1.3551855689758003,0.5462777954234889,336
673,0.6002824213675821,0.6005687242606985,0.5928136646404109,53.82,0.28598320484161377,1.5536445609190563,0.6476489141627618,337
577,0.5878055360535995,0.6076760423343512,0.5401275315905767,53.79,0.28528302907943726,1.5421131131807533,0.650208790898602,338
520,0.5653031701506425,0.5465531069009351,0.578907049272923,53.73,0.28402024507522583,1.5232016278931777,0.628193850970376,339
773,0.4868003326602946,0.4186213815751803,0.5536058403025581,53.69,0.2796148359775543,1.4554340546211486,0.5821160697252521,340
858,0.5687322690044939,0.631840923784772,0.43756369957895025,53.67,0.2842126786708832,1.5254494837339712,0.6589123718004588,341
770,0.4812692710894625,0.4712155353202127,0.44215028460105144,53.63,0.2793044447898865,1.4510340297471822,0.6010591575704697,342
391,0.541998893256619,0.5792467700397392,0.4487256208131625,53.56,0.282712459564209,1.5043083735017881,0.6399692839552411,343
671,0.6915993716416658,0.7739872852578329,0.5890104781164154,53.55,0.291107714176178,1.6284615242275904,0.7101099065172632,344
422,0.5558507107268075,0.5337599343683596,0.579014825784276,53.51,0.28348979353904724,1.5110260914142786,0.6235860728458636,345
331,0.46109350919436093,0.4285716268782945,0.45749330999647064,53.5,0.27817222476005554,1.4306881744194875,0.5856998971554284,346
453,0.5555809287510051,0.5167023709915923,0.609309069657219,53.5,0.2834746539592743,1.5108827822087454,0.6174423686798471,347
712,0.5832574792804256,0.5692965247366251,0.6099516373093212,53.37,0.28502780199050903,1.5380985532589593,0.6363854565250648,348
163,0.5794491986731825,0.6190477512521965,0.5079818143018247,53.34,0.28481408953666687,1.5331559711330551,0.6543045936759464,349
512,0.6586275532367996,0.6915423956034574,0.6378994540974346,53.34,0.2892574071884155,1.5980045408484145,0.6804153363815166,350
490,0.5753552040836919,0.6176262876374657,0.497415732442065,53.33,0.2845843434333801,1.5318794195489098,0.6537926183287783,351
212,0.47221086329170125,0.2665247747990049,0.795048266865409,53.33,0.27879610657691956,1.4336347496896453,0.5273347075782713,352
45,0.5887901340519023,0.6432126327026167,0.5016726354683994,53.16,0.28533828258514404,1.5414252422669206,0.6630081745778031,353
641,0.5433764807472323,0.520966761835784,0.5740805780697087,53.15,0.28278976678848267,1.5027461837677287,0.6189782947213512,354
576,0.5854327292270534,0.6204692148669267,0.5322997914023845,53.15,0.28514987230300903,1.5385221083447016,0.6548165690231144,355
70,0.3950627774160622,0.23809550250439254,0.599147714976456,53.13,0.27446672320365906,1.3712499736935422,0.5170952006349103,356
638,0.48555816722446393,0.44989358109925376,0.515609182774105,53.06,0.2795451283454895,1.454146128765255,0.5933795273629491,357
492,0.5544938348445727,0.5451316432862044,0.5705211538051569,53.05,0.2834136486053467,1.5101153932310836,0.627681875623208,358
31,0.6349674615321704,0.7285004495864533,0.5036459900139302,53.03,0.2879296541213989,1.579373623160578,0.6937266954078858,359
179,0.4555571369547138,0.41151406350152725,0.4887256724942069,53.0,0.2778615355491638,1.4258493313699028,0.5795561929894119,360
110,0.5654879814254048,0.6759062958414208,0.3732483625184087,52.94,0.28403061628341675,1.5273978401352462,0.6747836075626682,361
924,0.4504201270099554,0.4939589531559027,0.3248997764579492,52.91,0.27757325768470764,1.4244063691098474,0.6092507631251585,362
559,0.5044444987312812,0.55792481581878,0.38743222515536074,52.9,0.2806049883365631,1.4704346710152105,0.6322896537477204,363
702,0.6198729475592697,0.6958067864476492,0.5205376163711767,52.83,0.28708258271217346,1.5684657534628812,0.6819512624230207,364
910,0.6365171146923901,0.8166311936997511,0.35810570883890136,52.77,0.2880166172981262,1.585484235820413,0.7254691669323046,365
665,0.41397725546759906,0.4100925998867965,0.3670269337916294,52.64,0.2755281627178192,1.3929315967062315,0.5790442176422438,366
298,0.5834486633577659,0.6588487324646534,0.47484005255100864,52.63,0.2850385308265686,1.535294124997348,0.6686399033966516,367
100,0.4267770294455343,0.3475482008386497,0.5260566135694181,52.55,0.27624645829200745,1.4008529690508302,0.5565173023668498,368
667,0.40064800780880744,0.35607698252703346,0.42769875722161843,52.46,0.27478015422821045,1.3790952694785559,0.5595891544498581,369
317,0.4863016608585652,0.532338470753629,0.3914103735484356,52.43,0.2795868515968323,1.4556025664249188,0.6230740974986956,370
526,0.4135794863733549,0.36602722783014763,0.455156142432097,52.38,0.27550584077835083,1.3896399250206652,0.5631729818800344,371
723,0.5461157237220141,0.48827309869698,0.6724207767273366,52.33,0.2829434871673584,1.503289595278682,0.6072028617364862,372
726,0.5322660305193515,0.634683851014233,0.36429419089987247,52.23,0.2821662724018097,1.4961890285250279,0.6599363224947948,373
309,0.6455410031428538,0.8109453392408288,0.4184348223431798,52.22,0.28852301836013794,1.5911013578025002,0.7234212655436324,374
269,0.5469739278025196,0.634683851014233,0.41363042325268,52.21,0.2829916477203369,1.5079505999058802,0.6599363224947948,375
734,0.5726340173828811,0.6076760423343512,0.5481667333854594,52.19,0.2844316363334656,1.5276241968891986,0.650208790898602,376
107,0.6500210833551956,0.7469794765779512,0.5504147511482343,52.19,0.28877443075180054,1.5920924650009842,0.7003823749210704,377
169,0.5399935847120715,0.6005687242606985,0.45568479644882315,52.12,0.28259992599487305,1.5018976550055343,0.6476489141627618,378
154,0.5741502133295663,0.6218906784816575,0.532795606422145,52.04,0.28451672196388245,1.5280240991018421,0.6553285443702824,379
147,0.5726903104723202,0.7455580129632208,0.30401137499787356,52.02,0.28443479537963867,1.5336876445281094,0.6998703995739024,380
792,0.46829636930815793,0.30490429239673145,0.7606285836228369,52.01,0.27857643365859985,1.4311823665117451,0.5411580419518085,381
164,0.6380784513240029,0.7469794765779512,0.5200422320267862,51.94,0.28810423612594604,1.5851140851710914,0.7003823749210704,382
521,0.3021409430260828,0.22032720732025995,0.36883254028052903,51.92,0.26925215125083923,1.2914695508522716,0.5106955087953098,383
783,0.6445441906062765,0.7597726491105267,0.518809639117727,51.92,0.28846707940101624,1.5891675672165277,0.7049901530455828,384
168,0.6043811955590063,0.6645345869235757,0.5609093408965671,51.88,0.286213219165802,1.5541832984676573,0.6706878047853237,385
768,0.6930008571419467,0.8095238756260981,0.5905999932383967,51.86,0.2911863625049591,1.628153925918128,0.7229092901964643,386
859,0.4546383912497172,0.4100925998867965,0.5308612279976028,51.83,0.2778099775314331,1.4262539782021455,0.5790442176422438,387
656,0.6098017952184862,0.6815921503003433,0.5495560921292139,51.83,0.2865174114704132,1.5588668935510495,0.6768315089513404,388
606,0.48490548602709926,0.4314145541077558,0.5931730632367106,51.8,0.279508501291275,1.4524052034992454,0.5867238478497645,389
358,0.389752108601053,0.3162760013145763,0.4892458206723747,51.77,0.2741686999797821,1.36951247451842,0.5452538447291528,390
368,0.6242000805097392,0.7185502042833392,0.53271819252438,51.76,0.2873254120349884,1.5707690502853264,0.6901428679777095,391
845,0.5688846851994847,0.685856541144535,0.41286683582159617,51.66,0.28422123193740845,1.5271654787414521,0.6783674349928445,392
645,0.45673663649852736,0.4285716268782945,0.5114752375659175,51.63,0.2779277265071869,1.428418592032263,0.5856998971554284,393
325,0.42500698352949173,0.4541579719434455,0.36142524692233996,51.59,0.27614712715148926,1.4017483245940077,0.5949154534044532,394
200,0.4771949259745874,0.4797443170085965,0.492396749348442,51.45,0.2790758013725281,1.4478691840640763,0.604131009653478,395
411,0.6535558645184657,0.6901209319887267,0.6932153986255857,51.43,0.28897279500961304,1.593650382458721,0.6799033610343486,396
746,0.6046483222004013,0.7213931315128002,0.47560687004736785,51.41,0.286228209733963,1.560455608291424,0.6911668186720455,397
533,0.6382430820572681,0.737029231274837,0.5583553282833775,51.4,0.28811347484588623,1.58274699878631,0.6967985474908941,398
729,0.5254354482894866,0.587775551728123,0.45798578728211325,51.38,0.28178295493125916,1.490801913759963,0.6430411360382494,399
742,0.38827733587112495,0.39019210928056797,0.36731107186701434,51.29,0.2740859389305115,1.3722020342767558,0.5718765627818911,400
670,0.6918553458785492,0.828002902617596,0.5741992291341551,51.29,0.29112207889556885,1.629874299104495,0.7295649697096489,401
721,0.39657047629264336,0.48969456231171066,0.21734775464165765,51.2,0.2745513319969177,1.37738988134817,0.6077148370836543,402
648,0.5267455902861494,0.6730633686119595,0.31366151801439707,51.2,0.2818564772605896,1.4932479304354176,0.6737596568683321,403
755,0.6089239416633652,0.7412936221190288,0.4612766854534441,51.2,0.28646814823150635,1.5609758143973131,0.6983344735323982,404
801,0.5409888040480042,0.6005687242606985,0.49284099099263995,51.19,0.2826557755470276,1.503174980897532,0.6476489141627618,405
442,0.44414344753749596,0.46979407170548204,0.4131249180370936,51.13,0.27722102403640747,1.418809653614232,0.6005471822233016,406
365,0.47030380212023143,0.46410821724655965,0.5101794430463047,51.12,0.27868908643722534,1.4388926109635753,0.5984992808346294,407
972,0.5251555760429357,0.5707179883513555,0.4974178858189152,51.12,0.28176724910736084,1.4863919669247423,0.6368974318722328,408
745,0.42105159739607284,0.3390194191502659,0.5778158255540801,51.04,0.2759251594543457,1.3937580525133493,0.5534454502838415,409
439,0.5472718563230416,0.6105189695638127,0.502201827829338,51.01,0.2830083668231964,1.5082146761920383,0.6512327415929381,410
483,0.5943095121513413,0.6943853228329188,0.5076814182312206,50.94,0.28564801812171936,1.5504940493520818,0.6814392870758528,411
605,0.5546951091926615,0.7142858134391474,0.34155140896524,50.92,0.2834249436855316,1.5158338275296344,0.6886069419362054,412
122,0.552091819339544,0.6503199507762698,0.4517416404295642,50.85,0.28327885270118713,1.5120035458942729,0.6655680513136434,413
913,0.45217742732084193,0.48969456231171066,0.41465510762685165,50.82,0.2776718735694885,1.426382065815003,0.6077148370836543,414
425,0.6247922200826128,0.7341863040453757,0.5419149420450922,50.78,0.2873586416244507,1.5709580802338694,0.695774596796558,415
86,0.4556155543116789,0.4015638181984128,0.5893650316148022,50.73,0.27786481380462646,1.4254068235984338,0.5759723655592355,416
80,0.5672378467999503,0.5721394519660861,0.6493363615554185,50.7,0.2841288149356842,1.51652270251049,0.6374094072194009,417
480,0.4209018365354896,0.42572869964883314,0.43406650790536944,50.64,0.2759167551994324,1.3961275674381686,0.5846759464610922,418
663,0.4993706857454214,0.6076760423343512,0.36299656600993696,50.63,0.28032025694847107,1.4684239246900903,0.650208790898602,419
314,0.4200138927096201,0.3688701550596087,0.5350322112876138,50.63,0.27586692571640015,1.395563779937484,0.5641969325743704,420
676,0.4051355229574902,0.466951144476021,0.3095912050921333,50.58,0.2750319838523865,1.382889613318973,0.5995232315289656,421
573,0.5767476614469873,0.6304194601700412,0.579408463072494,50.57,0.28466248512268066,1.5302559273760652,0.6584003964532907,422
249,0.4052948430219405,0.43710040856667826,0.3658758461963505,50.53,0.2750409245491028,1.3833674144215884,0.5887717492384367,423
905,0.380265660896802,0.4797443170085965,0.20611854038087637,50.52,0.2736363410949707,1.3628291356134392,0.604131009653478,424
461,0.5225363541833732,0.5167023709915923,0.6089078955500252,50.52,0.2816202640533447,1.4849289200593985,0.6174423686798471,425
658,0.47563571361050067,0.5707179883513555,0.3561688540309815,50.51,0.2789883017539978,1.4492355514451627,0.6368974318722328,426
569,0.4173936087162945,0.37882040036272313,0.515811277191497,50.42,0.27571988105773926,1.393042618895993,0.5677807600045468,427
762,0.5502522036620248,0.5891970153428534,0.5747998059376782,50.35,0.28317561745643616,1.5077308678574508,0.6435531113854174,428
548,0.5691459701051831,0.7640370399547187,0.3210452318960763,50.31,0.2842358946800232,1.529685859447282,0.706526079087087,429
860,0.3650633403469566,0.2622603839548129,0.5608116852564101,50.26,0.27278321981430054,1.344929778581673,0.5257987815367671,430
506,0.5899228997101437,0.6759062958414208,0.5526144256007222,50.23,0.285401850938797,1.5440627601543515,0.6747836075626682,431
793,0.5292469152980188,0.5977257970312372,0.4957470807208386,50.19,0.28199684619903564,1.4906930278412647,0.6466249634684257,432
337,0.527618664239337,0.5764038428102779,0.5297005578753405,50.18,0.28190547227859497,1.4896062118715538,0.638945333260905,433
903,0.5701406583742343,0.7611941127252574,0.3397191006033977,50.03,0.28429171442985535,1.5296321796434642,0.7055021283927508,434
772,0.6287784080951587,0.6190477512521965,0.7915470914446553,50.03,0.2875823378562927,1.5673535269136099,0.6543045936759464,435
329,0.5414757923783405,0.587775551728123,0.5634319142077436,49.94,0.2826831042766571,1.5020723233514652,0.6430411360382494,436
962,0.5748103294632719,0.609097505949082,0.6346214761872051,49.94,0.28455376625061035,1.5264284103472852,0.65072076624577,437
868,0.5018247458048372,0.6076760423343512,0.3974064513878406,49.91,0.2804579734802246,1.4688148324346186,0.650208790898602,438
958,0.4513054155014174,0.5053306620737475,0.4174279033280224,49.89,0.27762293815612793,1.4232432495067768,0.6133465659025028,439
830,0.6208957823730406,0.6759062958414208,0.6743510637358634,49.7,0.28713998198509216,1.570249711181246,0.6747836075626682,440
417,0.6563906995319176,0.8322672934617881,0.5075975442029049,49.69,0.28913187980651855,1.599159081828709,0.7311008957511531,441
571,0.4709941890661826,0.3930350365100293,0.6952096409265636,49.65,0.27872782945632935,1.4347619193501524,0.5729005134762273,442
537,0.33013082301558894,0.299218437937809,0.40262300680747026,49.59,0.2708228826522827,1.317830315561579,0.5391101405631363,443
894,0.33951796121299926,0.29779697432307833,0.437881538002041,49.55,0.2713496685028076,1.3244652464841735,0.5385981652159683,444
90,0.6856960321869016,0.8351102206912491,0.6077517475191484,49.45,0.29077643156051636,1.6216558372260845,0.7321248464454891,445
288,0.6181740646053483,0.7981521667082532,0.4529894146454174,49.43,0.2869872450828552,1.568942000728531,0.71881348741912,446
0,0.4618465620323292,0.5550818885893188,0.3787202007636305,49.42,0.2782144844532013,1.4353112700550699,0.6312657030533844,447
864,0.5571900614019528,0.6645345869235757,0.4960505991878755,49.38,0.283564954996109,1.5141478841506135,0.6706878047853237,448
4,0.36335436712228664,0.32480478300295973,0.47472000179160956,49.35,0.27268731594085693,1.3446447294387813,0.548325696812161,449
204,0.5033149194743287,0.5920399425723147,0.45349082844498845,49.28,0.2805415987968445,1.46923110965592,0.6445770620797535,450
664,0.6821909907689955,0.8450604659943636,0.5847150296444624,49.27,0.29057973623275757,1.6194344713192124,0.7357086738756655,451
869,0.5529107244708185,0.6190477512521965,0.5709609810268119,49.21,0.28332480788230896,1.5118667849221659,0.6543045936759464,452
610,0.6014082831563642,0.6375267782436943,0.6978621705306502,49.2,0.2860463857650757,1.5481048314211696,0.660960273189131,453
700,0.4842177544155556,0.6176262876374657,0.3487535931784467,49.15,0.27946990728378296,1.4540221451042474,0.6537926183287783,454
582,0.5131608994573559,0.6190477512521965,0.44189403275587663,49.15,0.28109413385391235,1.4825577766931437,0.6543045936759464,455
276,0.5441778606714173,0.660270196079384,0.47092166036552713,49.11,0.2828347384929657,1.5048373871044385,0.6691518787438197,456
171,0.6130513934663904,0.657427268849923,0.7039093910702476,49.1,0.2866997718811035,1.5589440406497959,0.6681279280494836,457
260,0.6451915611348262,0.6915423956034574,0.7490438468440862,49.07,0.28850340843200684,1.582720579439858,0.6804153363815166,458
713,0.5367200884544998,0.7171287406686084,0.34657329911761076,49.01,0.2824162244796753,1.5011113761174717,0.6896308926305414,459
99,0.3704111838436709,0.3873491820511069,0.3977533603984092,48.98,0.27308332920074463,1.352651493821583,0.5708526120875551,460
392,0.5808336900332554,0.6488984871615392,0.6190483624753411,48.93,0.2848917841911316,1.534236189036894,0.6650560759664753,461
505,0.5165533546963837,0.641791169087886,0.42159081145484506,48.88,0.28128451108932495,1.487690286681576,0.6624961992306351,462
463,0.5375039431715951,0.6147833604080044,0.5407443663893189,48.85,0.28246021270751953,1.4990105642516705,0.6527686676344422,463
489,0.6154316352292775,0.657427268849923,0.721594752134481,48.83,0.28683334589004517,1.5606940443073527,0.6681279280494836,464
27,0.6244650828836082,0.683013613915074,0.7054981525103313,48.81,0.28734028339385986,1.567182963240403,0.6773434842985084,465
162,0.554698826660832,0.6289979965553105,0.5744856282552329,48.78,0.28342515230178833,1.5084186826498471,0.6578884211061227,466
119,0.6120970662803332,0.7910448486346001,0.47013729284783873,48.76,0.2866462171077728,1.5639645356288299,0.7162536106832798,467
750,0.516114693452264,0.55792481581878,0.5786776069695334,48.71,0.2812598943710327,1.4773300711820234,0.6322896537477204,468
241,0.5988118971727061,0.7185502042833392,0.5634168405697921,48.61,0.28590068221092224,1.5514922036832544,0.6901428679777095,469
172,0.48771429876335765,0.5280740799094372,0.5496669910369996,48.42,0.27966612577438354,1.4546758864185776,0.6215381714571915,470
352,0.5286144146421512,0.5437101796714741,0.6586370115091532,48.36,0.2819613516330719,1.4847894574874878,0.62716990027604,471
890,0.35473515163552666,0.41719991796044964,0.31480388443343255,48.35,0.27220362424850464,1.3391528306781781,0.581604094378084,472
284,0.5771693285508991,0.7412936221190288,0.4602598609047757,48.35,0.2846861481666565,1.5356991040583525,0.6983344735323982,473
306,0.5569643579773149,0.6673775141530371,0.528159493732489,48.34,0.28355228900909424,1.5159774989077488,0.6717117554796599,474
286,0.486737135701396,0.518123834606323,0.5696492515185075,48.28,0.2796112895011902,1.4531056241164078,0.6179543440270152,475
361,0.37160183579199596,0.31911892854403734,0.5546944799691809,48.18,0.27315014600753784,1.3526656392085656,0.5462777954234889,476
504,0.3378323549311153,0.32764771023242106,0.43080801805563423,48.1,0.2712550759315491,1.3242856608454223,0.5493496475064972,477
349,0.5636866025633537,0.6147833604080044,0.6548165979703562,48.1,0.2839295268058777,1.5197832559493487,0.6527686676344422,478
703,0.5104535204954641,0.45131504471398415,0.7790871146451375,48.01,0.2809422016143799,1.4681126402218885,0.593891502710117,479
264,0.5992850777641234,0.7583511854957963,0.5157728394147207,47.98,0.2859272360801697,1.5509880259044473,0.7044781776984148,480
660,0.5594906431326149,0.6446340963173475,0.5928546864694073,47.93,0.2836940586566925,1.5123372951163934,0.6635201499249712,481
956,0.6662249960435518,0.8251599753881349,0.6171499454441975,47.93,0.2896837592124939,1.604881046859905,0.7285410190153129,482
239,0.7385807343805264,0.8038380211671756,0.9008957832359181,47.76,0.29374420642852783,1.6601323377917705,0.7208613888077922,483
408,0.6520959616612196,0.7555082582663349,0.7050922409740671,47.71,0.28889086842536926,1.5894975863866039,0.7034542270040787,484
203,0.5157567543741324,0.6545843416204615,0.44055581671231464,47.65,0.2812398076057434,1.4813045572648278,0.6671039773551475,485
653,0.5280137779991737,0.638948241858425,0.5118173014785732,47.58,0.2819276452064514,1.4869365773230634,0.661472248536299,486
847,0.49490494433888016,0.5977257970312372,0.47799076588939093,47.57,0.28006964921951294,1.4634444431600169,0.6466249634684257,487
49,0.4986213503756236,0.4996448076148251,0.6716119683823983,47.48,0.28027820587158203,1.4629189432708554,0.6112986645138306,488
502,0.5637195287100066,0.7085999589802247,0.5072067063045922,47.47,0.2839313745498657,1.523644141366446,0.6865590405475331,489
454,0.5052320709165471,0.5437101796714741,0.6146012086042909,47.45,0.28064918518066406,1.4652357783623302,0.62716990027604,490
771,0.31515367482349993,0.2651033111842742,0.4938164707057843,47.43,0.26998239755630493,1.2993187859489312,0.5268227322311032,491
938,0.452500847051676,0.5707179883513555,0.394112861495447,47.37,0.27769002318382263,1.4252133776418747,0.6368974318722328,492
191,0.49011365893397885,0.590618478957584,0.4824550391064003,47.36,0.27980077266693115,1.4610292753040308,0.6440650867325854,493
759,0.4875571029664334,0.4456291902550617,0.7377896534118425,47.36,0.2796573042869568,1.448428886878275,0.5918436013214449,494
802,0.435528480585788,0.46410821724655965,0.5329318075079207,47.34,0.2767375707626343,1.408029784600501,0.5984992808346294,495
318,0.46123105551666965,0.583511160883931,0.40200800237905077,47.31,0.27817994356155396,1.43342856197818,0.6415052099967452,496
186,0.4104063617563869,0.4527365083287148,0.4754793901378355,47.21,0.27532777190208435,1.3874933932887088,0.5944034780572851,497
735,0.514972899657037,0.6901209319887267,0.3893149225354979,47.21,0.28119581937789917,1.4803121346027066,0.6799033610343486,498
948,0.6797427724452763,0.8749112019037063,0.5976821266922043,47.21,0.2904423475265503,1.6199555280793922,0.7464601561661944,499
355,0.4419543898519492,0.47547992616440476,0.5393670665559257,47.18,0.2770981788635254,1.4150521572760244,0.6025950836119739,500
370,0.4078721105978645,0.4314145541077558,0.5085796993842849,47.13,0.27518555521965027,1.38401879921274,0.5867238478497645,501
307,0.505779069804493,0.4911160259264413,0.7244847992051455,47.1,0.2806798815727234,1.4663668687164821,0.6082268124308223,502
289,0.46103774717180335,0.536602861597821,0.4975759436797205,47.01,0.27816909551620483,1.434073362818991,0.6246100235401998,503
717,0.41711745393791405,0.4399433357961393,0.5285812325886023,47.0,0.27570438385009766,1.3932008652849,0.5897956999327727,504
621,0.5257832970968698,0.685856541144535,0.442363468909222,46.94,0.2818024754524231,1.4880084937594864,0.6783674349928445,505
706,0.5036441809408593,0.6119404331785433,0.5038845841689332,46.94,0.28056007623672485,1.4679372118817393,0.6517447169401062,506
687,0.3483400442484926,0.3262262466176904,0.5141959215473132,46.83,0.271844744682312,1.3325123682051738,0.5488376721593291,507
779,0.43473825306611463,0.466951144476021,0.5449179337315502,46.8,0.2766932249069214,1.4067849785384876,0.5995232315289656,508
696,0.5758315710763983,0.7285004495864533,0.5359495498258026,46.79,0.2846110761165619,1.5316749610515723,0.6937266954078858,509
825,0.4719708210612628,0.5664535975071637,0.48962459966032634,46.73,0.2787826359272003,1.4438600963491544,0.6353615058307287,510
62,0.478706342319339,0.4911160259264413,0.6490332737637518,46.72,0.27916061878204346,1.4448876957246264,0.6082268124308223,511
866,0.6474831147285027,0.8663824202153225,0.5272408631681902,46.64,0.28863200545310974,1.5930761877114408,0.7433883040831861,512
416,0.6344321461156175,0.7711443580283716,0.6595344313114776,46.58,0.28789961338043213,1.5773122792627436,0.7090859558229271,513
872,0.5872553507643645,0.8223170481586736,0.4140183540922451,46.49,0.2852521538734436,1.542490680419125,0.7275170683209767,514
474,0.5123292487209254,0.6076760423343512,0.5567193002214318,46.49,0.2810474634170532,1.4754682011617422,0.650208790898602,515
38,0.4180229229708731,0.5764038428102779,0.30338915675700584,46.45,0.2757551968097687,1.3940722640475491,0.638945333260905,516
20,0.5983073836352802,0.8194741209292125,0.4592921333482921,46.39,0.28587237000465393,1.5504499872776947,0.7264931176266407,517
549,0.6382027209742741,0.879175592747898,0.4825119959240883,46.39,0.28811120986938477,1.5844055800140948,0.7479960822076985,518
733,0.5677949359586447,0.6901209319887267,0.5944374184543104,46.37,0.2841600775718689,1.5229015108194943,0.6799033610343486,519
420,0.5636361512096111,0.7398721585042981,0.49220703684793865,46.31,0.28392669558525085,1.5230487875049534,0.6978224981852301,520
807,0.3087537878345323,0.5479745705156658,0.0,46.29,0.2696232497692108,1.3033897229205926,0.6287058263175441,521
414,0.41725128279205226,0.47547992616440476,0.49174384548745886,46.25,0.27571189403533936,1.3938064290152332,0.6025950836119739,522
607,0.46270848358100525,0.49822334400009444,0.6026530894820676,46.19,0.2782628536224365,1.4284014273241912,0.6107866891666626,523
28,0.622091213923299,0.8294243662323266,0.528965502687522,46.13,0.28720706701278687,1.5703376105978428,0.730076945056817,524
335,0.6322919465831688,0.9872068274674245,0.2773112247567707,46.09,0.2877795100212097,1.5867898304640016,0.78690620859247,525
104,0.39198630697152737,0.520966761835784,0.3343850784765892,46.01,0.27429407835006714,1.3733409680598636,0.6189782947213512,526
247,0.43451148750771373,0.5948828698017761,0.34049087086651236,46.01,0.27668049931526184,1.4113546693976997,0.6456010127740897,527
125,0.29508040883652803,0.27078916564319666,0.4697034950813643,45.99,0.2688559293746948,1.283969791653996,0.5288706336197754,528
509,0.4103606900045778,0.45557943555817615,0.5155191716217662,45.96,0.275325208902359,1.385646806797179,0.5954274287516212,529
66,0.42552158733766615,0.5238096890652455,0.4427757329071944,45.93,0.27617600560188293,1.4018396588617512,0.6200022454156874,530
935,0.49853106900576843,0.685856541144535,0.3913266071889625,45.88,0.2802731394767761,1.467142508054624,0.6783674349928445,531
715,0.45892622525095567,0.6048331151048902,0.40854124007374026,45.86,0.27805060148239136,1.430635444830803,0.6491848402042659,532
933,0.34286793110150704,0.299218437937809,0.5805564282713401,45.86,0.2715376615524292,1.3250052301044746,0.5391101405631363,533
140,0.5993041961718575,0.7896233850198697,0.5372892732331597,45.83,0.28592830896377563,1.5477629069989418,0.7157416353361118,534
21,0.565968596953163,0.6929638592181881,0.6055522884043456,45.75,0.2840575873851776,1.5218018045078168,0.6809273117286847,535
353,0.3487500278810113,0.34328380999445796,0.5252395147236065,45.71,0.2718677520751953,1.3320194332416693,0.5549813763253457,536
517,0.4390829112236737,0.5152809073768617,0.5114623173048163,45.7,0.2769370377063751,1.4125995415158452,0.6169303933326791,537
857,0.44126559610664245,0.5067521256884782,0.5363964831910634,45.64,0.27705952525138855,1.411903179009891,0.6138585412496709,538
128,0.4938279407031963,0.6076760423343512,0.5295629570946123,45.56,0.2800092101097107,1.4589864673939625,0.650208790898602,539
246,0.5952712742737395,0.7540867946516043,0.5985955891520627,45.55,0.2857019901275635,1.5449944489421807,0.7029422516569106,540
686,0.4156910082942026,0.5948828698017761,0.29532497579066075,45.54,0.2756243348121643,1.396190218763306,0.6456010127740897,541
25,0.3819119682294549,0.47263699893494343,0.4066440073998642,45.52,0.27372872829437256,1.3642910544830547,0.6015711329176378,542
238,0.3391632085361566,0.32480478300295973,0.5342058529213464,45.52,0.27132976055145264,1.3214461748803839,0.548325696812161,543
412,0.5409664992389812,0.7128643498244167,0.49802815281826424,45.45,0.2826545238494873,1.5016612133582767,0.6880949665890373,544
911,0.4415024519357919,0.48827309869698,0.5779472892107852,45.44,0.27707281708717346,1.4140208109728185,0.6072028617364862,545
252,0.5927832259339076,0.7768302124872942,0.5536634431333012,45.42,0.2855623662471771,1.5437914079558777,0.7111338572115994,546
340,0.45988904950711684,0.5337599343683596,0.5580521328228681,45.38,0.27810463309288025,1.430004987697079,0.6235860728458636,547
81,0.34460770620530407,0.33759795553553523,0.5344230209766899,45.37,0.2716352939605713,1.3246967680126889,0.5529334749366734,548
283,0.48158684908460003,0.5110165165326699,0.6725779732374019,45.34,0.2793222665786743,1.445266388754508,0.615394467291175,549
303,0.6162011511405724,0.7668799671841798,0.6525158224747512,45.33,0.28687652945518494,1.5626383013656326,0.707550029781423,550
436,0.34151477268744274,0.41719991796044964,0.3813493662288923,45.32,0.27146172523498535,1.326339171186585,0.581604094378084,551
564,0.4697536168309965,0.5934614061870453,0.4844989167437755,45.32,0.2786582112312317,1.4395850226324156,0.6450890374269216,552
94,0.531928271982717,0.5493960341303965,0.7705218428857489,45.3,0.2821473181247711,1.4866227237594802,0.6292178016647122,553
131,0.45661820858395263,0.5678750611218943,0.49096852215254133,45.23,0.27792108058929443,1.4257208255546323,0.6358734811778968,554
899,0.3873936405803074,0.3674486914448783,0.6292688273506423,45.16,0.27403634786605835,1.3634393931962299,0.5636849572272025,555
852,0.5133515524678147,0.6545843416204615,0.5234479051842332,45.15,0.28110483288764954,1.4777454198987976,0.6671039773551475,556
488,0.49195380567837954,0.45700089917290654,0.8145839169881838,45.08,0.2799040377140045,1.4483659110330636,0.5959394040987892,557
530,0.36376010221975336,0.45557943555817615,0.394898844045773,45.05,0.27271008491516113,1.3460010014660644,0.5954274287516212,558
992,0.4560016399345301,0.5238096890652455,0.579055955282115,44.95,0.2778864800930023,1.4247805909723876,0.6200022454156874,559
434,0.5474577297315669,0.6986497136771105,0.5632230366532733,44.95,0.2830187976360321,1.5042541200513198,0.6829752131173569,560
975,0.5029208678482551,0.7768302124872942,0.28074176941683754,44.77,0.2805194854736328,1.4750143715523294,0.7111338572115994,561
798,0.5751703928089296,0.6687989777677678,0.7167927217585165,44.74,0.2845739722251892,1.5258100759650197,0.672223730826828,562
451,0.6117327543996236,0.8166311936997511,0.5689946249560442,44.73,0.28662577271461487,1.560018318512646,0.7254691669323046,563
711,0.2684320037896933,0.32338331938822934,0.33434136492653,44.67,0.26736047863960266,1.2611001853575228,0.5478137214649931,564
976,0.4546675999281998,0.6204692148669267,0.4096906049675389,44.66,0.27781161665916443,1.4288243579277444,0.6548165690231144,565
990,0.5616786386843986,0.7327648404306453,0.5586812418696565,44.66,0.2838168442249298,1.5168400963110715,0.69526262144939,566
546,0.5372654941418012,0.6588487324646534,0.6133947792239618,44.64,0.28244683146476746,1.4967037231582707,0.6686399033966516,567
350,0.4782485626674852,0.6147833604080044,0.4997179076326227,44.61,0.27913492918014526,1.4487196750523341,0.6527686676344422,568
821,0.5705756021501835,0.7412936221190288,0.5752182070596737,44.59,0.28431612253189087,1.526601906118681,0.6983344735323982,569
525,0.49155072591532034,0.5195452982210537,0.7173321426594936,44.59,0.27988141775131226,1.4531107716808105,0.6184663193741833,570
953,0.4256341735165443,0.39019210928056797,0.7357018468867231,44.57,0.2761823236942291,1.3933512763112024,0.5718765627818911,571
215,0.527643093315886,0.6190477512521965,0.657094763009034,44.55,0.2819068431854248,1.483629614312144,0.6543045936759464,572
155,0.517848095753483,0.5607677430482413,0.7316604968830946,44.53,0.28135716915130615,1.4751195829496382,0.6333136044420565,573
183,0.32362472265032116,0.4541579719434455,0.2863086792499961,44.46,0.27045777440071106,1.3108868167060832,0.5949154534044532,574
177,0.3960659627552175,0.5408672524420127,0.3680814424351764,44.46,0.2745230197906494,1.3757374958771953,0.6261459495817039,575
963,0.6316254576468852,0.8109453392408288,0.6568457249763074,44.41,0.28774210810661316,1.5732968444853028,0.7234212655436324,576
842,0.34246750667285536,0.3688701550596087,0.5058983145304056,44.4,0.2715151906013489,1.3244562408362521,0.5641969325743704,577
778,0.4080701985446643,0.5252311526799761,0.4391819622818818,44.38,0.2751966714859009,1.3888350710986892,0.6205142207628555,578
108,0.5448549709453309,0.8407960751501715,0.32047727875183385,44.29,0.28287273645401,1.5076891180704788,0.7341727478341613,579
652,0.3921201358256656,0.47690138977913515,0.47905216533885864,44.25,0.27430158853530884,1.371669003016995,0.6031070589591419,580
677,0.46479132789025185,0.5863540881133923,0.5215032982196526,44.21,0.27837973833084106,1.4319748096841018,0.6425291606910813,581
522,0.4835332092053009,0.5294955435241678,0.6872361171256123,44.19,0.2794314920902252,1.445470778840531,0.6220501468043595,582
998,0.6801320444694164,0.9303482828782,0.6080876743077809,44.19,0.2904641926288605,1.6174949421862928,0.7664271947057482,583
65,0.6278612555908066,0.7910448486346001,0.689027188320773,44.18,0.2875308692455292,1.5712439786142378,0.7162536106832798,584
44,0.5095815086760397,0.6716419049972289,0.5169844368994905,44.14,0.2808932662010193,1.4723969659742506,0.673247681521164,585
19,0.5229319990100914,0.6375267782436943,0.6256638591657085,44.07,0.28164246678352356,1.4823638446914629,0.660960273189131,586
720,0.462017034501291,0.5735609155808168,0.5408631251226079,44.06,0.27822405099868774,1.4292948510441073,0.6379213825665689,587
930,0.5136675372623077,0.7427150857337594,0.4044650053651384,44.05,0.2811225652694702,1.4809296316677707,0.6988464488795663,588
766,0.4663388567829455,0.5678750611218943,0.5679152448098773,44.0,0.2784665822982788,1.4356642927504009,0.6358734811778968,589
60,0.5397949656983901,0.7199716678980698,0.5346932697713911,43.98,0.28258877992630005,1.502940219341494,0.6906548433248776,590
347,0.5969494456192824,0.8479033932238246,0.49094634237098417,43.98,0.2857961654663086,1.5488621811945906,0.7367326245700015,591
545,0.38806066058347255,0.518123834606323,0.40231388956062286,43.93,0.2740737795829773,1.3670042024913274,0.6179543440270152,592
816,0.39190930227370974,0.4655296808612903,0.5104432317104552,43.93,0.2742897570133209,1.3678444887979964,0.5990112561817975,593
811,0.41077545323903003,0.5152809073768617,0.48478854593012854,43.87,0.2753484845161438,1.3858995964274485,0.6169303933326791,594
432,0.44967663337585406,0.565032133892433,0.5238106415146508,43.84,0.27753153443336487,1.421029528259741,0.6348495304835606,595
947,0.4530844895544455,0.641791169087886,0.39593903273326614,43.83,0.2777227759361267,1.4246306673707239,0.6624961992306351,596
376,0.37229806447364366,0.49680188038536377,0.3934627570243691,43.81,0.2731892168521881,1.3565180071090333,0.6102747138194945,597
966,0.6134364169554786,0.9061834014277798,0.4465665375143011,43.78,0.2867213785648346,1.5633013323777278,0.7577236138038914,598
118,0.567377517389785,0.6716419049972289,0.7225620490155945,43.73,0.28413665294647217,1.5190538051074989,0.673247681521164,599
237,0.45726186164433175,0.6488984871615392,0.40484464570383016,43.61,0.2779572010040283,1.4278410251492444,0.6650560759664753,600
447,0.5208608381722377,0.7185502042833392,0.4885793505372352,43.6,0.28152623772621155,1.4876079188163374,0.6901428679777095,601
404,0.4574610117248946,0.5024877348442862,0.6720765594378308,43.59,0.2779683768749237,1.4227115078744188,0.6123226152081667,602
395,0.5986929381912499,0.8692253474447839,0.47874573981307394,43.41,0.2858940064907074,1.5515690313905757,0.7444122547775223,603
476,0.5706542000486458,0.8578536385269391,0.4076021524293644,43.38,0.28432053327560425,1.5268399908519488,0.7403164520001779,604
642,0.5287503677638155,0.7569297218810657,0.45565895592662065,43.3,0.28196898102760315,1.4900733654623015,0.7039662023512467,605
2,0.4224610488995763,0.5252311526799761,0.5264081523402145,43.29,0.27600425481796265,1.394559711073207,0.6205142207628555,606
552,0.5974677668956273,0.8194741209292125,0.569343902681148,43.29,0.285825252532959,1.5506177402578156,0.7264931176266407,607
46,0.4816335829701721,0.616204824022735,0.5572025179866185,43.26,0.27932488918304443,1.4446941499194765,0.6532806429816103,608
42,0.6652313699082635,0.8678038838300531,0.707236681310347,43.24,0.2896279990673065,1.600884270071994,0.7439002794303542,609
635,0.3236810157397602,0.4129355271162576,0.4066913816905688,43.22,0.27046093344688416,1.3081948189844503,0.5800681683365798,610
321,0.5287572716332749,0.7469794765779512,0.47695294591643306,43.21,0.2819693684577942,1.4898265868525877,0.7003823749210704,611
137,0.5789324705974821,0.7540867946516043,0.630915191621469,43.18,0.28478509187698364,1.5307473044184485,0.7029422516569106,612
716,0.4151811840879617,0.6375267782436943,0.3024932443184767,43.17,0.2755957245826721,1.3948607942989613,0.660960273189131,613
926,0.21291374093070534,0.1478325629689988,0.5262396506016858,43.12,0.2642449140548706,1.205240750878953,0.4845847660897395,614
854,0.4849899256612579,0.616204824022735,0.5751538210918525,43.08,0.27951323986053467,1.4498159796036592,0.6532806429816103,615
433,0.6769721965244859,0.9019190105835879,0.6899201937005545,43.07,0.2902868688106537,1.6128444583803123,0.7561876877623873,616
217,0.3993203406050551,0.4584223627876372,0.580529618729555,43.04,0.2747056484222412,1.374572129137548,0.5964513794459573,617
124,0.6304799463834876,0.8379531479207104,0.6555882605646284,42.99,0.2876778244972229,1.5764410437487095,0.7331487971398253,618
133,0.5084195343393156,0.6275765329405799,0.6352580143841267,42.98,0.280828058719635,1.468690187769692,0.6573764457589546,619
877,0.414782883926836,0.5863540881133923,0.40178803493380194,42.96,0.27557337284088135,1.392794674758385,0.6425291606910813,620
262,0.5291826562053572,0.5692965247366251,0.8117610552752457,42.93,0.28199324011802673,1.4835967673302777,0.6363854565250648,621
58,0.4938587425823233,0.6261550693258495,0.5962234292138732,42.81,0.2800109386444092,1.4560647561719837,0.6568644704117866,622
651,0.48393097829954507,0.6773277594561512,0.4745550531248836,42.69,0.2794538140296936,1.4526647825601247,0.6752955829098362,623
36,0.4806447364368174,0.7526653310368736,0.32723166824903976,42.68,0.27926939725875854,1.4506307099404305,0.7024302763097425,624
225,0.4378651748643921,0.562189206662972,0.5332315575654697,42.65,0.27686870098114014,1.4123189855476665,0.6338255797892246,625
410,0.5849882262472371,0.7853589941756777,0.6138388055304747,42.64,0.28512492775917053,1.5367831603654558,0.7142057092946076,626
565,0.48044186888808404,0.5451316432862044,0.7074329616102435,42.58,0.27925801277160645,1.4439826213793456,0.627681875623208,627
188,0.45611369504652677,0.5536604249745882,0.6134256801817622,42.53,0.2778927683830261,1.424248467421663,0.6307537277062163,628
618,0.3168445917741989,0.44136479941087,0.35982647227990283,42.47,0.27007728815078735,1.3054205065792566,0.5903076752799408,629
518,0.2590751364045285,0.2807394109463108,0.46077365662123543,42.47,0.26683539152145386,1.248739670578689,0.5324544610499516,630
934,0.3484228906820067,0.5039091984590168,0.3502177817677458,42.47,0.2718493938446045,1.335176480271039,0.6128345905553347,631
542,0.365852505732867,0.47547992616440476,0.45944254672127915,42.47,0.27282750606536865,1.3458812485280114,0.6025950836119739,632
109,0.5031428538047225,0.8109453392408288,0.30537629291437807,42.41,0.28053194284439087,1.4712493424882833,0.7234212655436324,633
609,0.37888382487113664,0.6048331151048902,0.2713940681789258,42.36,0.2735587954521179,1.3627880620600221,0.6491848402042659,634
929,0.4256755967333014,0.5863540881133923,0.46050082377431406,42.34,0.27618464827537537,1.4002651676351419,0.6425291606910813,635
814,0.33365073430617703,0.42146430880464136,0.4605948186738256,42.22,0.27102041244506836,1.319810331483512,0.5831400204195881,636
923,0.35564911773858976,0.3802418639774538,0.6099205210138356,42.17,0.27225491404533386,1.3359748864589052,0.5682927353517149,637
919,0.5526064231477184,0.7157072770538777,0.6523898499290139,42.12,0.2833077311515808,1.5043022696640491,0.6891189172833734,638
211,0.6258341733041176,0.8294243662323266,0.6898063877340209,42.06,0.28741711378097534,1.5703886891934753,0.730076945056817,639
627,0.4012189047064209,0.5692965247366251,0.42159899428687586,42.04,0.2748121917247772,1.3802285544691688,0.6363854565250648,640
863,0.3753734727844155,0.5849326244986617,0.3104565395793895,41.97,0.27336180210113525,1.3590101884808687,0.6420171853439133,641
334,0.3854908279438896,0.539445788827282,0.4263665706332371,41.97,0.27392956614494324,1.3649348334176188,0.6256339742345358,642
313,0.45155342373507834,0.5806682336544698,0.5697750087265597,41.97,0.277636855840683,1.4213404944330996,0.6404812593024092,643
143,0.46139356198240894,0.5991472606459678,0.5688299992958458,41.96,0.2781890630722046,1.4296418483120115,0.6471369388155938,644
657,0.4102608494308556,0.6105189695638127,0.381428395159295,41.9,0.2753196060657501,1.3890718460996294,0.6512327415929381,645
662,0.44551891076058336,0.5948828698017761,0.5284735637460919,41.84,0.2772982120513916,1.4155420943701156,0.6456010127740897,646
690,0.48666915914056386,0.7697228944136412,0.3476831495462081,41.81,0.27960747480392456,1.4585977156315488,0.7085739804757591,647
343,0.46727618982879465,0.6872780047592657,0.4348353711097363,41.78,0.2785191833972931,1.4387425478056457,0.6788794103400125,648
106,0.5091598415721279,0.7924663122493308,0.3820867901312462,41.77,0.28086960315704346,1.4740649151675007,0.7167655860304478,649
157,0.5542638828848827,0.7896233850198697,0.5363912074177803,41.77,0.2834007441997528,1.5114219880837698,0.7157416353361118,650
245,0.4311392128101829,0.6801706866856126,0.33085375577993265,41.71,0.2764912545681,1.4069766077853283,0.6763195336041723,651
196,0.267972630937195,0.47547992616440476,0.1644782615530283,41.7,0.2673346996307373,1.264959804613043,0.6025950836119739,652
161,0.4053490118438536,0.5692965247366251,0.4482078413495299,41.68,0.27504396438598633,1.381903397512208,0.6363854565250648,653
965,0.43459645820875387,0.6261550693258495,0.4416114020442868,41.68,0.27668526768684387,1.4060874665745475,0.6568644704117866,654
213,0.44138136868680966,0.6673775141530371,0.39093738432328734,41.63,0.27706602215766907,1.4158993755293643,0.6717117554796599,655
57,0.4680053446570954,0.6517414143910002,0.5071629927545329,41.63,0.2785601019859314,1.4384010306807966,0.6660800266608113,656
541,0.33279677876072356,0.4072496726573352,0.5086900599478581,41.53,0.27097249031066895,1.314191611019326,0.5780202669479076,657
743,0.399252364044223,0.4996448076148251,0.5638303965938747,41.43,0.2747018337249756,1.3772718534386104,0.6112986645138306,658
617,0.45721034815682615,0.6545843416204615,0.47613520105756646,41.36,0.2779543101787567,1.4319776619254412,0.6671039773551475,659
444,0.2589529910217833,0.294954047093617,0.4771512719243372,41.3,0.2668285369873047,1.2508232797041563,0.5375742145216321,660
328,0.3781243992305903,0.4939589531559027,0.5112391197942923,41.24,0.2735161781311035,1.3590443527417004,0.6092507631251585,661
887,0.5443154069937259,0.7512438674221432,0.5938842159414919,41.2,0.2828424572944641,1.5013468583197829,0.7019183009625746,662
47,0.3257930687274894,0.520966761835784,0.2918307988446702,41.17,0.27057945728302,1.318153520462026,0.6189782947213512,663
30,0.4969368062275027,0.6531628780057309,0.617139932241844,41.16,0.28018367290496826,1.4566121837991202,0.6665920020079794,664
764,0.46820715007206576,0.5636106702777026,0.6857233698883409,41.14,0.2785714268684387,1.4334580924098739,0.6343375551363927,665
327,0.40308560479489663,0.6901209319887267,0.2433286770147909,41.07,0.27491694688796997,1.3859885710912747,0.6799033610343486,666
920,0.43336066557550124,0.6588487324646534,0.4041912034986344,40.96,0.2766159176826477,1.4114300545220793,0.6686399033966516,667
263,0.5737274840918916,0.8294243662323266,0.5601466148162233,40.89,0.28449299931526184,1.5303436238542458,0.730076945056817,668
538,0.6450295857359685,0.9147121831161635,0.6438920865338794,40.8,0.2884943187236786,1.586074740838544,0.7607954658868997,669
695,0.48458950123260625,0.8024165575524452,0.31886116942575254,40.78,0.27949076890945435,1.4544090562544318,0.7203494134606242,670
113,0.5759176039112014,0.8479033932238246,0.5392765170593744,40.74,0.2846159040927887,1.530531606150657,0.7367326245700015,671
253,0.5436972451436589,0.7768302124872942,0.5650089397439937,40.66,0.28280776739120483,1.5041313373288907,0.7111338572115994,672
272,0.42142865488193854,0.657427268849923,0.3790105836318811,40.64,0.27594631910324097,1.3968363190629312,0.6681279280494836,673
497,0.5134338678344473,0.7569297218810657,0.5046500019703398,40.57,0.28110945224761963,1.48162205227089,0.7039662023512467,674
566,0.4986372823820686,0.7128643498244167,0.5387735958960083,40.49,0.28027909994125366,1.4635006759214924,0.6880949665890373,675
267,0.4103054590489017,0.49822334400009444,0.6380312407606674,40.47,0.2753221094608307,1.382393440480835,0.6107866891666626,676
134,0.39266076191103355,0.5934614061870453,0.4072135755767443,40.45,0.2743319272994995,1.375304684247996,0.6450890374269216,677
937,0.6337120194243022,0.9900497546968858,0.48422436119537393,40.4,0.2878592014312744,1.5832771124160026,0.7879301592868061,678
142,0.505740832989025,0.7128643498244167,0.5659123890014985,40.39,0.2806777358055115,1.4670067387467256,0.6880949665890373,679
22,0.40110366319313523,0.5408672524420127,0.5362862302963326,40.3,0.2748057246208191,1.378639355289583,0.6261459495817039,680
429,0.4890239096931389,0.7256575223569922,0.49447691138574323,40.2,0.2797396183013916,1.4566078569659706,0.6927027447135498,681
908,0.3549624482608091,0.3816633275921842,0.6770857446667854,40.19,0.2722163796424866,1.3326609142248764,0.5688047106988828,682
853,0.4213532433847654,0.6034116514901595,0.495337723781614,40.14,0.2759420871734619,1.3983572280593841,0.6486728648570979,683
650,0.49943600697184604,0.7725658216431022,0.4458845630658401,40.13,0.28032392263412476,1.4682229167340521,0.7095979311700952,684
494,0.37718334871657067,0.539445788827282,0.4671393615969787,40.1,0.2734633684158325,1.357174697754452,0.6256339742345358,685
98,0.4694020505554429,0.7484009401926819,0.3918270519689509,40.1,0.27863848209381104,1.4412933219030446,0.7008943502682384,686
297,0.2973098276050689,0.46268675363182926,0.3487495017624313,39.94,0.26898103952407837,1.2866957990931516,0.5979873054874615,687
583,0.47389753170734816,0.7057570317507637,0.49212951528133114,39.88,0.2788907587528229,1.441729516978022,0.6855350898531971,688
40,0.5472808844600271,0.8919687652804735,0.3969770680439091,39.85,0.283008873462677,1.5097211711767367,0.7526038603322109,689
446,0.5355517413151978,0.7640370399547187,0.5911019453821802,39.85,0.28235065937042236,1.4963664770310656,0.706526079087087,690
584,0.44049076952653266,0.6503199507762698,0.4841461936157114,39.84,0.2770160436630249,1.4136837261264366,0.6655680513136434,691
458,0.4453818955051561,0.6488984871615392,0.5048964559508462,39.78,0.2772905230522156,1.415933252895364,0.6650560759664753,692
754,0.3729921688877654,0.5067521256884782,0.5268912624365588,39.71,0.27322816848754883,1.352395835620059,0.6138585412496709,693
236,0.5871263015121598,0.7853589941756777,0.7282647292591586,39.69,0.2852449119091034,1.5361617645602366,0.7142057092946076,694
268,0.6049303187144782,0.9331912101076614,0.5197793047133759,39.65,0.2862440347671509,1.5539291940285642,0.7674511454000843,695
254,0.2812769184525561,0.4783228533938658,0.278239222510368,39.64,0.26808130741119385,1.2727541768057955,0.6036190343063099,696
278,0.3524637785833472,0.48400870785278827,0.5039626440797533,39.61,0.27207615971565247,1.3343813992565692,0.6056669356949821,697
625,0.4234828215795841,0.5707179883513555,0.5859986575848716,39.47,0.2760615944862366,1.3947296766451673,0.6368974318722328,698
536,0.31286371443046795,0.44278626302560065,0.4540011787584878,39.45,0.2698538899421692,1.3005610730197936,0.5908196506271088,699
589,0.4276793120772044,0.685856541144535,0.3913923928517363,39.45,0.27629709243774414,1.4027984878160147,0.6783674349928445,700
636,0.34245794746898833,0.536602861597821,0.3845804005237874,39.36,0.2715146541595459,1.3285926537544863,0.6246100235401998,701
818,0.3505535310105884,0.583511160883931,0.32655324687238163,39.34,0.2719689607620239,1.3357103919760587,0.6415052099967452,702
892,0.4282826040545894,0.5593462794335106,0.6382842625405669,39.04,0.27633094787597656,1.3999825732103717,0.6328016290948885,703
776,0.420529027584676,0.6588487324646534,0.4324300491680536,39.02,0.2758958339691162,1.3980441870281355,0.6686399033966516,704
780,0.5894167929720733,0.9445629190255063,0.4708047320025608,39.02,0.2853734493255615,1.544004711389705,0.7715469481774286,705
52,0.40619500138608455,0.4584223627876372,0.7513893049093331,38.97,0.2750914394855499,1.373978959056057,0.5964513794459573,706
925,0.34374525358974656,0.4740584625496741,0.5195028111258091,38.89,0.27158689498901367,1.3274183091982787,0.6020831082648058,707
578,0.3743771913147198,0.6176262876374657,0.3619971838137553,38.83,0.27330589294433594,1.3579812840803267,0.6537926183287783,708
988,0.3563803968344165,0.5337599343683596,0.4565646662298183,38.79,0.2722959518432617,1.340041247178391,0.6235860728458636,709
763,0.4368338429805173,0.5991472606459678,0.6097917490781932,38.61,0.27681082487106323,1.4068484239667334,0.6471369388155938,710
477,0.4402464787610422,0.6545843416204615,0.5205828372850311,38.6,0.27700233459472656,1.4149658661642255,0.6671039773551475,711
139,0.4017892705371529,0.5963043334165065,0.5003265595993341,38.58,0.2748441994190216,1.3772557881828273,0.6461129881212576,712
121,0.3702412424415906,0.5053306620737475,0.5627625370138564,38.55,0.27307379245758057,1.3480708184106205,0.6133465659025028,713
862,0.29972193338084613,0.4470506538697924,0.4362567074997163,38.53,0.2691164016723633,1.2884120478220362,0.5923555766686129,714
714,0.5528082285626887,0.7782516761020246,0.6702162571769359,38.53,0.28331905603408813,1.5076011261678182,0.7116458325587673,715
594,0.41413285806387884,0.5465531069009351,0.6340001192970774,38.51,0.2755368947982788,1.3884076228472289,0.628193850970376,716
881,0.38043772656640834,0.536602861597821,0.542533607214157,38.47,0.2736459970474243,1.3599978098347147,0.6246100235401998,717
11,0.6327953979868317,0.9033404741983183,0.7090441181695694,38.47,0.28780776262283325,1.576342875902325,0.7566996631095553,718
346,0.3220054997286248,0.5735609155808168,0.2832916906140117,38.44,0.270366907119751,1.3122021609212204,0.6379213825665689,719
449,0.4455459951715399,0.7256575223569922,0.4149508739372278,38.44,0.2772997319698334,1.4192565045644827,0.6927027447135498,720
551,0.24790467561903812,0.3816633275921842,0.38769332209844853,38.43,0.2662085294723511,1.2395011447872084,0.5688047106988828,721
59,0.4496421140285565,0.6716419049972289,0.527068916026701,38.43,0.27752959728240967,1.420099678257725,0.673247681521164,722
767,0.3535976063753517,0.536602861597821,0.46061656778001275,38.28,0.2721397876739502,1.335574159071287,0.6246100235401998,723
882,0.3337856252940783,0.466951144476021,0.5220678059609347,38.27,0.27102798223495483,1.3166048715681569,0.5995232315289656,724
916,0.4209496325548247,0.539445788827282,0.6782856062477215,38.27,0.27591943740844727,1.3894312707178873,0.6256339742345358,725
240,0.39236973725997104,0.5309170071388986,0.5997091003213053,38.26,0.27431559562683105,1.3662197415753377,0.6225621221515276,726
562,0.45713121919148253,0.7683014307989104,0.3863195753368581,38.14,0.27794986963272095,1.4321303077450904,0.7080620051285911,727
348,0.5462612360475454,0.8009950939377146,0.6214366727399072,38.14,0.2829516530036926,1.5010821776422805,0.7198374381134561,728
685,0.4667260045395597,0.6616916596941147,0.6138459116740804,38.09,0.27848830819129944,1.4309651863207151,0.6696638540909877,729
744,0.3594000431226308,0.48969456231171066,0.5726026078685682,38.07,0.27246540784835815,1.3412343124078558,0.6077148370836543,730
12,0.32885785570063125,0.5110165165326699,0.4356581764042009,38.0,0.2707514464855194,1.320680170273421,0.615394467291175,731
979,0.49385714938167885,0.6531628780057309,0.7232470381916458,37.97,0.280010849237442,1.4543362589823043,0.6665920020079794,732
111,0.3814605613801791,0.6702204413824985,0.3230881405138689,37.91,0.273703396320343,1.363202722616835,0.672735706173996,733
37,0.523894292199371,0.7768302124872942,0.5998672658509532,37.91,0.28169646859169006,1.483883401365334,0.7111338572115994,734
790,0.3656958410028242,0.45131504471398415,0.6693030100547626,37.9,0.2728187143802643,1.3399626385337329,0.593891502710117,735
400,0.30802994367504655,0.48400870785278827,0.42000861781415455,37.89,0.2695826292037964,1.2963992035080343,0.6056669356949821,736
849,0.33977287331611966,0.46979407170548204,0.5550165174771295,37.77,0.2713639736175537,1.3202571560632244,0.6005471822233016,737
943,0.2697570156590381,0.466951144476021,0.33075588480209067,37.72,0.26743483543395996,1.2624266750091326,0.5995232315289656,738
499,0.5609006257029998,0.8166311936997511,0.6573703952458607,37.7,0.28377318382263184,1.5167671445247486,0.7254691669323046,739
527,0.43047962774335874,0.6332623873995022,0.5614027872017923,37.66,0.27645424008369446,1.4044733588089633,0.6594243471476268,740
782,0.29738789443664954,0.4527365083287148,0.45049440455792356,37.65,0.26898542046546936,1.2834109785146564,0.5944034780572851,741
16,0.4427573629767786,0.7583511854957963,0.3757192547851802,37.63,0.2771432399749756,1.4172197611852875,0.7044781776984148,742
372,0.48733883447813653,0.7228145951275309,0.5892899864315725,37.58,0.27964505553245544,1.4515026251163015,0.6916787940192136,743
470,0.3869417026641501,0.5465531069009351,0.5786964490169727,37.57,0.2740109860897064,1.3629046182161648,0.628193850970376,744
508,0.4101487943188589,0.6403697054731554,0.4849968851403862,37.56,0.2753133177757263,1.3841201615254497,0.661984223883467,745
654,0.29276336403253955,0.5280740799094372,0.3016981099165373,37.55,0.2687259018421173,1.2846441389502234,0.6215381714571915,746
371,0.5551459849750557,0.9388770645665838,0.42250212053785324,37.53,0.28345024585723877,1.5163185167635804,0.7694990467887565,747
441,0.49617206991814133,0.6545843416204615,0.7441701090190098,37.53,0.28014075756073,1.4566241925439392,0.6671039773551475,748
897,0.3228498960702113,0.4939589531559027,0.4652103666145621,37.49,0.2704142928123474,1.306717083626498,0.6092507631251585,749
193,0.49853319327329443,0.7754087488725636,0.5344938670750617,37.48,0.2802732586860657,1.464716759908684,0.7106218818644313,750
384,0.49828890250780405,0.6929638592181881,0.6882538030250207,37.35,0.28025954961776733,1.4618111258759647,0.6809273117286847,751
628,0.4079363696905261,0.6289979965553105,0.5074251663860457,37.31,0.2751891613006592,1.3845720382514424,0.6578884211061227,752
181,0.40643769895093046,0.7299219132011839,0.32199282537901047,37.23,0.2751050591468811,1.3856130154055863,0.6942386707550539,753
96,0.3139943558211834,0.5152809073768617,0.4103436164973646,37.13,0.2699173390865326,1.2985607040565665,0.6169303933326791,754
126,0.44157627023232054,0.7014926409065719,0.49468804998590615,37.09,0.27707695960998535,1.4138661697582895,0.683999163811693,755
294,0.3525163542046158,0.638948241858425,0.3152158254248774,37.07,0.27207911014556885,1.3377493655268307,0.661472248536299,756
995,0.447595382267252,0.6190477512521965,0.6686221122947267,36.98,0.2774147391319275,1.4182911585108957,0.6543045936759464,757
682,0.2993172604171424,0.48543017146751893,0.4221926802844783,36.97,0.26909369230270386,1.288071165350173,0.6061789110421502,758
794,0.5436473248567978,0.8095238756260981,0.6440491753751021,36.86,0.2828049659729004,1.5010412480312598,0.7229092901964643,759
978,0.42580995665432114,0.6233121420963882,0.5967595123807325,36.76,0.27619218826293945,1.395982055038521,0.6558405197174505,760
223,0.4229475061630312,0.657427268849923,0.5256240001602113,36.75,0.2760315537452698,1.3960469057522369,0.6681279280494836,761
300,0.5680923334122853,0.8479033932238246,0.6604358348609748,36.71,0.284176766872406,1.5202537720441889,0.7367326245700015,762
8,0.4016310126064656,0.6048331151048902,0.5530291659820723,36.69,0.2748353183269501,1.3769199881327627,0.6491848402042659,763
949,0.36587852801006054,0.4783228533938658,0.6653573776521259,36.68,0.27282896637916565,1.341780690455432,0.6036190343063099,764
846,0.4998215615278157,0.7128643498244167,0.6814675435504317,36.68,0.2803455591201782,1.4606345012729327,0.6880949665890373,765
189,0.28977292642280783,0.539445788827282,0.3071254809298023,36.57,0.2685580849647522,1.2845568690214102,0.6256339742345358,766
92,0.21547242116577678,0.37882040036272313,0.3541555543448792,36.55,0.2643885016441345,1.2122228439288931,0.5677807600045468,767
375,0.4177935020780647,0.6517414143910002,0.5295251653308911,36.46,0.2757423222064972,1.3916595273414407,0.6660800266608113,768
805,0.24631413030894284,0.4058282090426048,0.41067534420113916,36.45,0.2661192715167999,1.2391382692736488,0.5775082916007397,769
304,0.5565023297904091,0.9402985281813145,0.4640380682573087,36.44,0.28352636098861694,1.516742140207093,0.7700110221359245,770
351,0.3664929723919571,0.634683851014233,0.394696964966066,36.37,0.2728634476661682,1.3487115741565954,0.6599363224947948,771
475,0.3764908375030935,0.685856541144535,0.334987054975065,36.36,0.27342450618743896,1.360104254514718,0.6783674349928445,772
117,0.3478546491188007,0.634683851014233,0.33472412766165455,36.32,0.27181750535964966,1.3343928196174009,0.6599363224947948,773
568,0.4584865018730729,0.7412936221190288,0.5069011421295476,36.31,0.27802592515945435,1.4319373994657312,0.6983344735323982,774
178,0.3225710859574233,0.583511160883931,0.34519040050440697,36.3,0.27039864659309387,1.3081014383048744,0.6415052099967452,775
730,0.43925019729134646,0.7157072770538777,0.4904553724491367,36.29,0.27694642543792725,1.4146715800788234,0.6891189172833734,776
485,0.2864739389549241,0.466951144476021,0.43924096480757746,36.26,0.26837295293807983,1.2747352135189751,0.5995232315289656,777
928,0.3325169065141726,0.5636106702777026,0.41695308373255147,36.22,0.27095678448677063,1.3195164269252886,0.6343375551363927,778
775,0.39228051802387887,0.5948828698017761,0.5576260872130545,36.22,0.2743105888366699,1.3719009234174642,0.6456010127740897,779
399,0.2700236112335515,0.4996448076148251,0.32860412298452,36.17,0.2674497961997986,1.2640299303065792,0.6112986645138306,780
379,0.4163495312272637,0.8109453392408288,0.24834841379031147,36.11,0.27566128969192505,1.3964129777667829,0.7234212655436324,781
274,0.3382301240253595,0.4811657806233272,0.59133267971168,36.07,0.27127739787101746,1.3182162457054312,0.6046429850006461,782
781,0.24161790587583018,0.4015638181984128,0.42010993419495685,35.98,0.26585572957992554,1.2359211663014082,0.5759723655592355,783
820,0.3122758233926464,0.6375267782436943,0.22527950293171492,35.96,0.269820898771286,1.3024945641898578,0.660960273189131,784
15,0.40906010721178204,0.7327648404306453,0.3715898316683782,35.96,0.27525222301483154,1.3918512833562078,0.69526262144939,785
823,0.3962682992370693,0.6503199507762698,0.4817560529808227,35.89,0.2745343744754791,1.3750966779325298,0.6655680513136434,786
257,0.3969438163103385,0.5167023709915923,0.7273035695020682,35.88,0.2745722830295563,1.3687011936812503,0.6174423686798471,787
160,0.27394288481902834,0.3873491820511069,0.5570174352463431,35.86,0.2676697373390198,1.2603567255570254,0.5708526120875551,788
710,0.620914369713893,0.9118692558867021,0.7497155927525088,35.85,0.28714102506637573,1.5638661293531109,0.7597715151925636,789
624,0.2957893831233318,0.5195452982210537,0.394676077210619,35.7,0.2688957154750824,1.284998962176772,0.6184663193741833,790
448,0.4942708504823681,0.9161336467308938,0.32973130809676154,35.69,0.28003406524658203,1.4667155664915916,0.7613074412340677,791
75,0.48983431775430936,0.8493248568385553,0.43736235884345576,35.67,0.2797850966453552,1.4600430779286455,0.7372445999171696,792
693,0.38096826238102777,0.565032133892433,0.5944543224625846,35.67,0.2736757695674896,1.3553625911095373,0.6348495304835606,793
397,0.3529390834422906,0.5977257970312372,0.4445348264561296,35.61,0.27210283279418945,1.3386038047275564,0.6466249634684257,794
909,0.3884324074005232,0.631840923784772,0.5065149339914627,35.43,0.2740946412086487,1.367501859144681,0.6589123718004588,795
295,0.3580787487214565,0.6517414143910002,0.3713176448345119,35.39,0.27239125967025757,1.3436303813709,0.6660800266608113,796
229,0.278916857231166,0.47547992616440476,0.43373370351316975,35.3,0.26794886589050293,1.2678414036791998,0.6025950836119739,797
718,0.4568826798909401,0.7711443580283716,0.48431943278331063,35.29,0.2779359221458435,1.4290399444716972,0.7090859558229271,798
600,0.3462168388562519,0.6446340963173475,0.3501513500919169,35.25,0.271725594997406,1.3306656000312564,0.6635201499249712,799
452,0.47953693092200644,0.7228145951275309,0.6482649489035974,35.25,0.2792072296142578,1.4436300350739195,0.6916787940192136,800
192,0.3717144219708742,0.4740584625496741,0.7450604226777284,35.23,0.27315646409988403,1.3422468916874322,0.6020831082648058,801
647,0.5490158799618906,0.8479033932238246,0.662216677516097,34.93,0.2831062376499176,1.5016880745089423,0.7367326245700015,802
901,0.466304337435648,0.6687989777677678,0.7154507373054666,34.91,0.2784646451473236,1.429719331978881,0.672223730826828,803
731,0.4225778836135065,0.634683851014233,0.6338154672321722,34.89,0.27601081132888794,1.3953620312266288,0.6599363224947948,804
981,0.6343153114016873,0.9673063368611959,0.7301595932184994,34.84,0.28789305686950684,1.5763896333946354,0.7797385537321173,805
359,0.5584672772519625,0.955934627943351,0.5004989374161932,34.83,0.2836366295814514,1.5169969301020927,0.775642750954773,806
769,0.2907341574783245,0.4129355271162576,0.6036688373423109,34.82,0.2686120271682739,1.2763043005137837,0.5800681683365798,807
467,0.434917753672062,0.7796731397167553,0.41569045121643183,34.76,0.2767032980918884,1.4093627875311747,0.7121578079059354,808
83,0.42673188876060675,0.6901209319887267,0.5532300760421968,34.71,0.2762439250946045,1.3989563257689819,0.6799033610343486,809
580,0.532551744501599,0.8635394929858614,0.5884206681971433,34.68,0.2821823060512543,1.493195950748535,0.7423643533888501,810
787,0.3990739255720387,0.6787492230708819,0.48931860480991174,34.52,0.2746918201446533,1.3756502112857572,0.6758075582570042,811
344,0.39112173008844386,0.5522389613598575,0.6974437694086547,34.4,0.27424556016921997,1.3646711245196146,0.6302417523590482,812
421,0.5459872055366909,0.8507463204532859,0.6689540553361862,34.33,0.2829362750053406,1.5003365467327725,0.7377565752643377,813
788,0.49973977722806456,0.8777541291331676,0.47317904531760047,34.16,0.2803409695625305,1.4660597533654647,0.7474841068605306,814
326,0.36699961019690897,0.6787492230708819,0.40168693389068466,34.02,0.2728918790817261,1.3500978649087674,0.6758075582570042,815
553,0.41753168610548475,0.6915423956034574,0.5462802675958344,33.99,0.27572762966156006,1.3942979023566497,0.6804153363815166,816
357,0.47711207954107326,0.737029231274837,0.6621022255365084,33.95,0.2790711522102356,1.4407512472970923,0.6967985474908941,817
299,0.4775390573138,0.6886994683739964,0.752670133459837,33.91,0.2790951132774353,1.4412039339784166,0.6793913856871806,818
843,0.37521946338878026,0.6517414143910002,0.482116420596705,33.9,0.2733531594276428,1.3550880337431264,0.6660800266608113,819
959,0.3299327350687891,0.5692965247366251,0.4829438556513976,33.89,0.2708117663860321,1.3151578629170066,0.6363854565250648,820
127,0.33291148920712776,0.5735609155808168,0.4858660957059728,33.87,0.2709789276123047,1.3156614907997823,0.6379213825665689,821
481,0.5489070112511829,0.9289268192634693,0.5569438974269084,33.77,0.2831001281738281,1.5064008573496888,0.7659152193585801,822
443,0.4489989920350589,0.711442886209686,0.6227774728356894,33.75,0.27749350666999817,1.4174903339492704,0.6875829912418693,823
570,0.4251100105045029,0.7242360587422615,0.5213090636277639,33.73,0.27615290880203247,1.4001650628194642,0.6921907693663817,824
896,0.3191642919125949,0.5493960341303965,0.49069611998099,33.69,0.2702074646949768,1.306201806968795,0.6292178016647122,825
989,0.35627524559187934,0.6901209319887267,0.3604071303475615,33.61,0.27229005098342896,1.3396474825523397,0.6799033610343486,826
63,0.49916941139733256,0.8805970563626286,0.48710159567377975,33.59,0.28030896186828613,1.4636911553034413,0.7485080575548666,827
927,0.30642293529162473,0.6261550693258495,0.31366453274198736,33.57,0.2694924473762512,1.2953934996501044,0.6568644704117866,828
540,0.52647687044411,0.8507463204532859,0.6381892986214728,33.4,0.2818413972854614,1.4862379753504458,0.7377565752643377,829
332,0.2983209789474467,0.6176262876374657,0.31129441851180556,33.33,0.26903778314590454,1.2883241521970499,0.6537926183287783,830
308,0.37995445570424247,0.5536604249745882,0.7063063148422145,33.07,0.2736188769340515,1.3552825180977737,0.6307537277062163,831
166,0.4301062877256636,0.7853589941756777,0.4518054880531729,33.05,0.2764332890510559,1.4076713893824935,0.7142057092946076,832
812,0.3666140556409393,0.7014926409065719,0.39469814932333364,33.04,0.2728702425956726,1.3504694404654898,0.683999163811693,833
51,0.16334395821140923,0.4186213815751803,0.24107581415410298,32.95,0.2614631652832031,1.1667281158654663,0.5821160697252521,834
76,0.20406085601608495,0.4655296808612903,0.2928787396888241,32.87,0.2637481093406677,1.2031127720420283,0.5990112561817975,835
575,0.4234870701146361,0.711442886209686,0.5722608669624402,32.83,0.2760618329048157,1.3944286922536988,0.6875829912418693,836
961,0.394943818434606,0.781094603331486,0.3559443644943473,32.7,0.2744600474834442,1.3751974473910473,0.7126697832531035,837
316,0.4867955530583611,0.8407960751501715,0.5508805265609344,32.7,0.27961456775665283,1.4526485691072066,0.7341727478341613,838
146,0.17477517283571659,0.3930350365100293,0.34141068578807887,32.5,0.26210466027259827,1.1725109509036749,0.5729005134762273,839
360,0.4014292071914953,0.6005687242606985,0.7146489274352915,32.45,0.27482399344444275,1.3712227666783248,0.6476489141627618,840
596,0.3567133757691176,0.6218906784816575,0.532357286564285,32.34,0.2723146378993988,1.3384602667700487,0.6553285443702824,841
234,0.39623377988977176,0.6687989777677678,0.5790686602055312,32.3,0.2745324373245239,1.3715827959876274,0.672223730826828,842
945,0.4049475252814389,0.7100214225949554,0.5357443330119778,32.22,0.27502143383026123,1.3783153328775533,0.6870710158947012,843
904,0.4319097908552407,0.7711443580283716,0.5160016357050554,32.16,0.2765344977378845,1.4035630651498519,0.7090859558229271,844
719,0.43265222235557904,0.7228145951275309,0.607494741992076,32.12,0.2765761613845825,1.4052087984890687,0.6916787940192136,845
320,0.41226881330981063,0.7313433768159147,0.5262298527370174,32.08,0.275432288646698,1.3865897774375109,0.6947506461022219,846
398,0.394636330710217,0.7327648404306453,0.4720378632558326,31.9,0.27444279193878174,1.3727032241210173,0.69526262144939,847
259,0.21156111358352248,0.5508174977451271,0.1993219446974064,31.87,0.26416900753974915,1.211011515308251,0.6297297770118803,848
256,0.39261031055729095,0.6730633686119595,0.5833334230573688,31.64,0.2743290960788727,1.3678814090969922,0.6737596568683321,849
987,0.18506353153103394,0.4399433357961393,0.3237724836768651,31.58,0.2626820206642151,1.1833960316870054,0.5897956999327727,850
381,0.24918401573657384,0.40440674542787414,0.6045213592373083,31.46,0.26628032326698303,1.2356718580893342,0.5769963162535716,851
135,0.12311457980395135,0.4100925998867965,0.17861539591233086,31.44,0.25920557975769043,1.1283133294311818,0.5790442176422438,852
985,0.49467552344607174,0.8109453392408288,0.67827053260977,31.41,0.28005677461624146,1.456679828107751,0.7234212655436324,853
275,0.2509583101876684,0.5636106702777026,0.3237423364009622,31.38,0.2663798928260803,1.2448990893463798,0.6343375551363927,854
940,0.44614981821580646,0.7185502042833392,0.6867052020631934,31.38,0.2773336172103882,1.4132300800836188,0.6901428679777095,855
55,0.4613749746415564,0.5749823791955475,1.0,31.33,0.278188019990921,1.4150471825229136,0.638433357913737,856
785,0.4339490876802043,0.7924663122493308,0.518167932816365,31.22,0.27664893865585327,1.4046577549898118,0.7167655860304478,857
460,0.27713672104437487,0.6773277594561512,0.20990449989007012,31.21,0.2678489685058594,1.2716439090061349,0.6752955829098362,858
918,0.3743368302317257,0.6901209319887267,0.5084318700635182,31.19,0.2733036279678345,1.3550994389529976,0.6799033610343486,859
941,0.1553190065650488,0.48827309869698,0.15237025419967704,31.18,0.26101282238960266,1.1579039379121618,0.6072028617364862,860
197,0.3512970246446897,0.616204824022735,0.5722119853079404,31.04,0.2720106840133667,1.331482038231196,0.6532806429816103,861
601,0.5236871761155857,0.8194741209292125,0.7744736124124088,30.97,0.28168484568595886,1.479562281043573,0.7264931176266407,862
986,0.3599927137623858,0.6872780047592657,0.47447990027281134,30.96,0.2724986672401428,1.3418569212985958,0.6788794103400125,863
646,0.5082039211854262,0.8308458298470573,0.7031394511774557,30.96,0.2808159589767456,1.4684605508916708,0.730588920403985,864
747,0.4416431846593896,0.8009950939377146,0.5394937927835605,30.9,0.2770807147026062,1.414867932675186,0.7198374381134561,865
644,0.2948169996633036,0.6275765329405799,0.3709906545598078,30.87,0.2688411474227905,1.285532315939368,0.6573764457589546,866
255,0.13265572739699694,0.34470527360918835,0.35461142422406833,30.74,0.25974100828170776,1.1356509612713237,0.5554933516725137,867
173,0.33688971121645117,0.5735609155808168,0.6130246137434109,30.74,0.2712021768093109,1.3166477555881522,0.6379213825665689,868
500,0.39051259637536234,0.7213931315128002,0.5251057900212086,30.64,0.2742113769054413,1.3668387119740424,0.6911668186720455,869
266,0.4012077523019094,0.7398721585042981,0.5274354207666064,30.62,0.2748115658760071,1.3797801112355277,0.6978224981852301,870
210,0.4153112954739294,0.7313433768159147,0.5929116432870953,30.53,0.2756030261516571,1.3886041711888133,0.6947506461022219,871
336,0.33463161483630927,0.6616916596941147,0.4536712814250359,30.51,0.27107545733451843,1.3198067922848493,0.6696638540909877,872
675,0.2944155131008889,0.5565033522040496,0.5187040159832244,30.33,0.26881861686706543,1.2787115778048488,0.6317776784005524,873
833,0.4024807196168671,0.6702204413824985,0.6701018051973473,30.29,0.2748830020427704,1.37412634714406,0.672735706173996,874
35,0.47586460343642756,0.8180526573144818,0.6447125231138088,30.27,0.2790011465549469,1.4414122902829198,0.7259811422794726,875
561,0.34246750667285536,0.641791169087886,0.5262865942170203,30.22,0.2715151906013489,1.3240012772304104,0.6624961992306351,876
382,0.2506056817783518,0.55792481581878,0.3779926823947876,30.15,0.2663601040840149,1.2421563844442771,0.6322896537477204,877
689,0.14353728779895084,0.37029161867433935,0.3665095850033668,30.12,0.26035165786743164,1.1413430375575726,0.5647089079215385,878
495,0.37027098218695464,0.7981521667082532,0.33802396234691373,30.11,0.2730754613876343,1.3536739655287757,0.71881348741912,879
114,0.24188768785163267,0.40298528181314347,0.6332251189686875,30.08,0.2658708691596985,1.2285348185032179,0.5764843409064035,880
285,0.4083909629410909,0.8095238756260981,0.44431851975152614,30.08,0.27521467208862305,1.389033959189173,0.7229092901964643,881
861,0.3621573423713836,0.6901209319887267,0.5090004692208157,30.07,0.27262014150619507,1.344563737830041,0.6799033610343486,882
984,0.31979732363534397,0.6233121420963882,0.4929593190505589,30.0,0.27024298906326294,1.3066240893861438,0.6558405197174505,883
82,0.5149309453733985,0.9104477922719715,0.616508992824733,29.97,0.28119346499443054,1.478440009971535,0.7592595398453955,884
563,0.47094639304684754,0.8749112019037063,0.5390735612912423,29.88,0.27872514724731445,1.437998001153458,0.7464601561661944,885
921,0.2522063173591956,0.5593462794335106,0.39259580750447526,29.82,0.2664499282836914,1.242105114969562,0.6328016290948885,886
791,0.2650687572291479,0.5337599343683596,0.48352903581044165,29.77,0.2671717405319214,1.2555616454605423,0.6235860728458636,887
883,0.3557526757804824,0.7171287406686084,0.4496321924671002,29.77,0.27226072549819946,1.3400947588795113,0.6896308926305414,888
960,0.39201923311818043,0.7000711772918412,0.601669534605735,29.73,0.2742959260940552,1.3675988727504407,0.6834871884645249,889
424,0.49236963104659476,0.8251599753881349,0.7160114766372608,29.45,0.2799273729324341,1.4544717151623385,0.7285410190153129,890
547,0.39069475231571715,0.7995736303229839,0.4279674986525244,29.42,0.27422159910202026,1.3710202553605133,0.7193254627662881,891
250,0.3359242316258825,0.6730633686119595,0.47844189833950956,29.38,0.2711479961872101,1.3196527291928184,0.6737596568683321,892
970,0.30038045631390725,0.5849326244986617,0.5257457736210905,29.26,0.269153356552124,1.2878549456752357,0.6420171853439133,893
865,0.34799856824368747,0.7270789859717229,0.42545009344578844,29.23,0.2718255817890167,1.3309853109312377,0.6932147200607178,894
338,0.3833001770576983,0.6005687242606985,0.7719359654632807,29.23,0.273806631565094,1.3539466382381258,0.6476489141627618,895
54,0.3999921402101538,0.7668799671841798,0.5271072461346347,29.17,0.27474334836006165,1.3744033686169081,0.707550029781423,896
438,0.3535859229039587,0.6759062958414208,0.5405953527112844,29.13,0.27213913202285767,1.3358424456222497,0.6747836075626682,897
813,0.3512922450427562,0.7029141045213022,0.49073391174471115,28.95,0.2720104157924652,1.3323272951366032,0.684511139158861,898
955,0.3108430049463569,0.606254578719621,0.5444579724363456,28.63,0.269740492105484,1.2938999374042655,0.649696815551434,899
7,0.38370007041946846,0.781094603331486,0.46785277534745273,28.61,0.27382907271385193,1.363303872453737,0.7126697832531035,900
84,0.5227158547893205,0.9004975469688573,0.7109234778155887,28.58,0.28163033723831177,1.479179385877788,0.7556757124152192,901
88,0.4281477130666882,0.7896233850198697,0.6017272451053206,28.54,0.2763233780860901,1.401955995162195,0.7157416353361118,902
950,0.2791239733149513,0.6801706866856126,0.3088674551327783,28.53,0.26796048879623413,1.2719632125791505,0.6763195336041723,903
681,0.25916754204190967,0.5422887160567433,0.49510462073757894,28.49,0.2668405771255493,1.2465672789531006,0.626657924928872,904
413,0.3590155507004241,0.7100214225949554,0.5207037493951703,28.47,0.27244383096694946,1.3411175561837303,0.6870710158947012,905
557,0.4440436069637738,0.8777541291331676,0.49831519795239704,28.42,0.2772154211997986,1.4189762314204988,0.7474841068605306,906
912,0.3763320485055247,0.7085999589802247,0.5831099025403171,28.4,0.27341559529304504,1.355062293923181,0.6865590405475331,907
907,0.47002552307432494,0.8365316843059798,0.6609695493132989,28.37,0.2786734700202942,1.4345700913004937,0.7326368217926572,908
242,0.3101866062808218,0.7128643498244167,0.36462107350573414,28.18,0.2697036564350128,1.2987363328614667,0.6880949665890373,909
613,0.4079985045156617,0.7128643498244167,0.6889756149452105,28.15,0.27519264817237854,1.3781205143043977,0.6880949665890373,910
32,0.44161025851273655,0.8919687652804735,0.47509296666206563,28.13,0.27707886695861816,1.4129053371875102,0.7526038603322109,911
683,0.3392226880268847,0.6631131233088453,0.558546332809991,27.98,0.27133309841156006,1.3200929553964764,0.6701758294381558,912
151,0.2605674343415461,0.5238096890652455,0.5611327537447762,27.72,0.2669191360473633,1.2469910234000374,0.6200022454156874,913
800,0.3740925394662353,0.806680948396637,0.42383667584076984,27.67,0.27328991889953613,1.3557678239383013,0.7218853395021283,914
543,0.23718455954906048,0.6176262876374657,0.3163301979448602,27.64,0.26560693979263306,1.2331711512985484,0.6537926183287783,915
922,0.3003262874919942,0.6730633686119595,0.42432495404155457,27.64,0.2691503167152405,1.2878417115924026,0.6737596568683321,916
478,0.2755796329478142,0.6929638592181881,0.3074927393516053,27.61,0.26776158809661865,1.2695909881646532,0.6809273117286847,917
969,0.22915960790270004,0.5451316432862044,0.4275177658973584,27.48,0.2651565968990326,1.221883719035838,0.627681875623208,918
406,0.3277840384662364,0.6560058052351923,0.5519315898015211,27.47,0.2706911861896515,1.3066777740527173,0.6676159527023156,919
271,0.3609311089419979,0.6375267782436943,0.6951465469848525,27.47,0.2725513279438019,1.3363094951370282,0.660960273189131,920
786,0.2611261167008851,0.4655296808612903,0.6862356582410055,27.25,0.26695048809051514,1.2434147677161858,0.5990112561817975,921
459,0.2011569823080379,0.5678750611218943,0.31983018900834626,26.76,0.2635851502418518,1.1994300304862562,0.6358734811778968,922
18,0.28096465112623353,0.5806682336544698,0.5614962437570913,26.73,0.2680637836456299,1.2669549490088434,0.6404812593024092,923
595,0.4189639734848927,0.7953092394787922,0.6311844713965876,26.61,0.2758080065250397,1.3908637137394464,0.717789536724784,924
829,0.2138765651868665,0.47690138977913515,0.5436056658790331,26.31,0.2642989456653595,1.205022913106675,0.6031070589591419,925
153,0.3177389084026464,0.6844350775298044,0.5134521451832513,26.2,0.27012747526168823,1.3012327115318096,0.6778554596456764,926
634,0.3454382948079715,0.8123668028555594,0.3771831203679518,26.07,0.27168190479278564,1.3312292654052063,0.7239332408908005,927
95,0.22753613644595172,0.4456291902550617,0.6544174695711701,26.07,0.2650654911994934,1.2140110672886664,0.5918436013214449,928
707,0.17182934484403098,0.5053306620737475,0.36627239054331634,25.95,0.2619393467903137,1.1707683123375805,0.6133465659025028,929
837,0.38017750379447285,0.7924663122493308,0.5341849651658994,25.9,0.27363139390945435,1.357236044170023,0.7167655860304478,930
457,0.4288396932132839,0.8621180293711308,0.5760602850769477,25.69,0.27636221051216125,1.4024427836237625,0.741852378041682,931
678,0.2191718330623122,0.5565033522040496,0.44014592142887754,25.66,0.2645961046218872,1.2123032217396301,0.6317776784005524,932
836,0.21054199623792222,0.5934614061870453,0.3495684309785655,25.52,0.26411181688308716,1.2099021480654935,0.6450890374269216,933
739,0.2331633211223355,0.42430723603410275,0.7326799054839833,25.5,0.2653812766075134,1.2177228483991005,0.5841639711139243,934
367,0.43537181585574525,0.904761937813049,0.5272563674815116,25.49,0.2767287790775299,1.4066488350307889,0.7572116384567233,935
482,0.3106619111397651,0.6886994683739964,0.509811000267234,25.45,0.2697303295135498,1.293960335595139,0.6793913856871806,936
383,0.4294243978498164,0.897654619739396,0.5263479654572513,25.33,0.2763950228691101,1.401228601769439,0.7546517617208831,937
233,0.3128148562773699,0.7043355681360329,0.4959619877304894,25.24,0.2698511481285095,1.297640227536279,0.685023114506029,938
519,0.45892144564902215,0.8137882664702901,0.7837686635863329,25.13,0.27805033326148987,1.4214077986342561,0.7244452162379685,939
692,0.36732462312838754,0.7171287406686084,0.6574014038725037,25.11,0.27291011810302734,1.345239632387381,0.6896308926305414,940
280,0.33899751566912834,0.7014926409065719,0.5930587189259645,25.09,0.2713204622268677,1.3200112385019733,0.683999163811693,941
115,0.3527314362916237,0.8081024120113677,0.44766443670137984,25.01,0.27209118008613586,1.3336182788478503,0.7223973148492964,942
145,0.23807781404374503,0.5920399425723147,0.46801718566996614,24.84,0.26565706729888916,1.231131048758498,0.6445770620797535,943
615,0.1481910268815434,0.4655296808612903,0.4182303592112525,24.37,0.260612815618515,1.1488569751729303,0.5990112561817975,944
611,0.2807692185138412,0.562189206662972,0.6832905923918181,24.29,0.2680528163909912,1.264404568377906,0.6338255797892246,945
378,0.3545322840867933,0.8081024120113677,0.48211555924596494,24.23,0.27219223976135254,1.3353602367279267,0.7223973148492964,946
844,0.12523353666114004,0.4015638181984128,0.472383264902606,23.99,0.25932449102401733,1.1231406575613947,0.5759723655592355,947
879,0.2470953296916307,0.6204692148669267,0.48213192491002654,23.85,0.2661631107330322,1.2370268603935997,0.6548165690231144,948
893,0.42339466447725493,0.7626155763399881,0.8087237172280269,23.77,0.2760566473007202,1.389444264343053,0.7060141037399189,949
917,0.3471929397844506,0.8663824202153225,0.3737853070360081,23.63,0.2717803716659546,1.33459396878904,0.7433883040831861,950
993,0.20916228447978283,0.5337599343683596,0.5239871107475254,23.59,0.2640343904495239,1.2002647010225036,0.6235860728458636,951
273,0.44901226870709643,0.8223170481586736,0.7920326779243773,23.57,0.27749425172805786,1.4109784046265288,0.7275170683209767,952
581,0.3518891642175632,0.8052594847819063,0.503689811232832,23.54,0.272043913602829,1.3351332618323373,0.7213733641549602,953
77,0.390628900022411,0.8848614472068205,0.49281525813928,23.37,0.2742179036140442,1.3719914211940205,0.7500439835963707,954
659,0.265127174586113,0.6716419049972289,0.4720958967619457,23.21,0.26717501878738403,1.2554579495889948,0.673247681521164,955
220,0.34885730339107446,0.828002902617596,0.4664611555580056,23.15,0.2718737721443176,1.3294621343616961,0.7295649697096489,956
373,0.33940271969971353,0.7441365493484902,0.5923839582899517,23.02,0.2713432013988495,1.3198094656217993,0.6993584242267343,957
389,0.33076810327339007,0.8834399835920901,0.3233764776741118,22.67,0.27085864543914795,1.3163839190063786,0.7495320082492027,958
797,0.16709169719416123,0.5977257970312372,0.3068908705219721,22.54,0.2616734802722931,1.166667552634698,0.6466249634684257,959
228,0.4895762192498999,0.9104477922719715,0.814668544698397,22.23,0.2797706127166748,1.4468778358637193,0.7592595398453955,960
996,0.22785477657485229,0.5437101796714741,0.6182674403606131,22.2,0.265083372592926,1.2151435554579182,0.62716990027604,961
369,0.43940048921881125,0.9033404741983183,0.6671809648377247,22.09,0.27695485949516296,1.40911210238516,0.7566996631095553,962
795,0.0,0.346126737223919,0.24163084703724416,21.74,0.25229665637016296,1.0082307196951026,0.5560053270196817,963
810,0.24182024235768204,0.7228145951275309,0.3571553159660619,21.69,0.26586708426475525,1.2355389452258647,0.6916787940192136,964
39,0.2448584759867488,0.7569297218810657,0.3155614424093358,21.41,0.26603758335113525,1.2420334945970422,0.7039662023512467,965
532,0.20411077630294605,0.7341863040453757,0.23810587680229567,20.98,0.26375091075897217,1.2055862764169425,0.695774596796558,966
623,0.387187586630285,0.9516702370991593,0.44810028017586195,20.96,0.2740247845649719,1.3642747466045642,0.7741068249132689,967
48,0.10052564999930962,0.46979407170548204,0.3829008742494674,20.8,0.2579379379749298,1.1021049223646093,0.6005471822233016,968
819,0.2125478358493512,0.6986497136771105,0.3700293871338748,19.89,0.2642243802547455,1.2070679181088515,0.6829752131173569,969
544,0.1523312242897246,0.7128643498244167,0.15347838192679422,19.67,0.2608451545238495,1.1573160716356314,0.6880949665890373,970
612,0.2362679381115899,0.6730633686119595,0.503783913801186,19.65,0.2655555009841919,1.229387549974621,0.6737596568683321,971
387,0.24679262156917517,0.8265814390028656,0.27026645239131425,19.35,0.26614612340927124,1.2408466658448407,0.7290529943624809,972
942,0.19145492144989756,0.5934614061870453,0.5287045134132767,18.87,0.263040691614151,1.1878941282511928,0.6450890374269216,973
345,0.08532917118516072,0.532338470753629,0.30541634572379195,18.43,0.2570851445198059,1.0904379878282844,0.6230740974986956,974
216,0.1478368052715823,0.6204692148669267,0.3532342320595176,18.39,0.2605929374694824,1.1472791342170665,0.6548165690231144,975
513,0.33561196429956,0.8933902288952043,0.49528561206183896,17.89,0.2711304724216461,1.3199327822704467,0.753115835679379,976
214,0.23531414199241424,0.7611941127252574,0.40667835376062506,17.83,0.2655019760131836,1.229523695950224,0.7055021283927508,977
208,0.0848002285711858,0.562189206662972,0.27196428236886094,17.81,0.25705546140670776,1.091878830014164,0.6338255797892246,978
415,0.11752297660862814,0.6403697054731554,0.2469137264638602,17.57,0.2588917911052704,1.1210103175119057,0.661984223883467,979
491,0.4338869528550687,0.8521677840680166,0.9168936505314857,17.29,0.2766454517841339,1.3953231049484198,0.7382685506115058,980
560,0.34257425111603707,0.927505355648739,0.4807733594552301,17.22,0.2715211808681488,1.3256375307728725,0.7654032440114121,981
205,0.2724856372961898,0.7967307030935226,0.49809749155284094,16.92,0.26758795976638794,1.2629809554067188,0.7183015120719519,982
190,0.2069663229247765,0.7341863040453757,0.39689911580193155,16.88,0.2639111578464508,1.2038093938448582,0.695774596796558,983
944,0.1852568398759003,0.5692965247366251,0.6315384865507618,16.69,0.2626928687095642,1.1746018223273917,0.6363854565250648,984
838,0.09726489934689395,0.6034116514901595,0.298020465262909,16.17,0.25775495171546936,1.10323719737565,0.6486728648570979,985
465,0.16778898800957195,0.6631131233088453,0.43235037422459593,15.9,0.26171261072158813,1.163660799101745,0.6701758294381558,986
709,0.08130580849090972,0.5095950529179393,0.42733828193689355,15.85,0.25685936212539673,1.0834761693458943,0.6148824919440069,987
691,0.34118869762220116,1.0,0.4812208311647034,13.47,0.2714434266090393,1.322916943624782,0.7915139867169824,988
333,0.21452818425046813,0.7953092394787922,0.46988954684122225,12.51,0.2643355131149292,1.207345626351489,0.717789536724784,989
510,0.29407881669801733,0.9189765739603553,0.5173708603752604,12.24,0.26879972219467163,1.2817670853643652,0.7623313919284038,990
936,0.00016409966638378503,0.5095950529179393,0.29277365489853396,12.19,0.25230586528778076,1.0058582730583432,0.6148824919440069,991
219,0.15337901924692593,0.683013613915074,0.5070095646539555,11.55,0.2609039545059204,1.1507452191573937,0.6773434842985084,992
366,0.10522984043564479,0.641791169087886,0.45686990739833533,10.62,0.25820192694664,1.1042773572994882,0.6624961992306351,993
248,0.14395789276909957,0.711442886209686,0.4634898185112457,10.47,0.2603752613067627,1.1408470793975687,0.6875829912418693,994
1,0.10457715923828015,0.6545843416204615,0.46333843611867603,9.74,0.25816529989242554,1.105126939666127,0.6671039773551475,995
815,0.16556700417737208,0.7341863040453757,0.559420065466963,8.66,0.261587917804718,1.1585005085945457,0.695774596796558,996
828,0.0758830845639038,0.7341863040453757,0.31102018596993153,7.35,0.25655505061149597,1.080860487844941,0.695774596796558,997
629,0.1789413925210913,0.9687278004759265,0.40913309570101997,2.29,0.26233845949172974,1.1756539578303944,0.7802505290792854,998
974,0.10964672368908795,0.8009950939377146,0.5236768091434104,1.24,0.2584497928619385,1.1059297783839055,0.7198374381134561,999
637,0.007158250495750934,0.8123668028555594,0.2096303750170386,0.0,0.2526983618736267,1.015712554564308,0.7239332408908005,1000
